tag,filepath,class,fold
0_not_hotdog,0_not_hotdog/00000.jpg,0,1
0_not_hotdog,0_not_hotdog/00002.jpg,0,1
0_not_hotdog,0_not_hotdog/00003.jpg,0,2
0_not_hotdog,0_not_hotdog/00005.jpg,0,1
0_not_hotdog,0_not_hotdog/00006.jpg,0,1
0_not_hotdog,0_not_hotdog/00007.jpg,0,1
0_not_hotdog,0_not_hotdog/00008.jpg,0,3
0_not_hotdog,0_not_hotdog/00009.jpg,0,2
0_not_hotdog,0_not_hotdog/00010.jpg,0,1
0_not_hotdog,0_not_hotdog/00011.jpg,0,2
0_not_hotdog,0_not_hotdog/00012.jpg,0,2
0_not_hotdog,0_not_hotdog/00015.jpg,0,2
0_not_hotdog,0_not_hotdog/00016.jpg,0,3
0_not_hotdog,0_not_hotdog/00017.jpg,0,2
0_not_hotdog,0_not_hotdog/00018.jpg,0,1
0_not_hotdog,0_not_hotdog/00019.jpg,0,2
0_not_hotdog,0_not_hotdog/00022.jpg,0,2
0_not_hotdog,0_not_hotdog/00023.jpg,0,0
0_not_hotdog,0_not_hotdog/00024.jpg,0,1
0_not_hotdog,0_not_hotdog/00025.jpg,0,1
0_not_hotdog,0_not_hotdog/00026.jpg,0,3
0_not_hotdog,0_not_hotdog/00028.jpg,0,1
0_not_hotdog,0_not_hotdog/00029.jpg,0,1
0_not_hotdog,0_not_hotdog/00030.jpg,0,0
0_not_hotdog,0_not_hotdog/00031.jpg,0,0
0_not_hotdog,0_not_hotdog/00033.jpg,0,0
0_not_hotdog,0_not_hotdog/00036.jpg,0,3
0_not_hotdog,0_not_hotdog/00037.jpg,0,3
0_not_hotdog,0_not_hotdog/00038.jpg,0,2
0_not_hotdog,0_not_hotdog/00039.jpg,0,0
0_not_hotdog,0_not_hotdog/00041.jpg,0,1
0_not_hotdog,0_not_hotdog/00042.jpg,0,2
0_not_hotdog,0_not_hotdog/00043.jpg,0,2
0_not_hotdog,0_not_hotdog/00044.jpg,0,0
0_not_hotdog,0_not_hotdog/00045.jpg,0,3
0_not_hotdog,0_not_hotdog/00046.jpg,0,2
0_not_hotdog,0_not_hotdog/00048.jpg,0,3
0_not_hotdog,0_not_hotdog/00049.jpg,0,0
0_not_hotdog,0_not_hotdog/00050.jpg,0,2
0_not_hotdog,0_not_hotdog/00051.jpg,0,1
0_not_hotdog,0_not_hotdog/00053.jpg,0,3
0_not_hotdog,0_not_hotdog/00054.jpg,0,1
0_not_hotdog,0_not_hotdog/00055.jpg,0,1
0_not_hotdog,0_not_hotdog/00056.jpg,0,1
0_not_hotdog,0_not_hotdog/00057.jpg,0,2
0_not_hotdog,0_not_hotdog/00059.jpg,0,0
0_not_hotdog,0_not_hotdog/00060.jpg,0,0
0_not_hotdog,0_not_hotdog/00061.jpg,0,2
0_not_hotdog,0_not_hotdog/00063.jpg,0,0
0_not_hotdog,0_not_hotdog/00065.jpg,0,0
0_not_hotdog,0_not_hotdog/00066.jpg,0,0
0_not_hotdog,0_not_hotdog/00067.jpg,0,0
0_not_hotdog,0_not_hotdog/00068.jpg,0,2
0_not_hotdog,0_not_hotdog/00069.jpg,0,1
0_not_hotdog,0_not_hotdog/00070.jpg,0,0
0_not_hotdog,0_not_hotdog/00072.jpg,0,0
0_not_hotdog,0_not_hotdog/00073.jpg,0,1
0_not_hotdog,0_not_hotdog/00074.jpg,0,2
0_not_hotdog,0_not_hotdog/00075.jpg,0,2
0_not_hotdog,0_not_hotdog/00076.jpg,0,0
0_not_hotdog,0_not_hotdog/00077.jpg,0,1
0_not_hotdog,0_not_hotdog/00078.jpg,0,0
0_not_hotdog,0_not_hotdog/00079.jpg,0,1
0_not_hotdog,0_not_hotdog/00081.jpg,0,1
0_not_hotdog,0_not_hotdog/00082.jpg,0,1
0_not_hotdog,0_not_hotdog/00083.jpg,0,1
0_not_hotdog,0_not_hotdog/00084.jpg,0,1
0_not_hotdog,0_not_hotdog/00086.jpg,0,0
0_not_hotdog,0_not_hotdog/00088.jpg,0,0
0_not_hotdog,0_not_hotdog/00089.jpg,0,2
0_not_hotdog,0_not_hotdog/00090.jpg,0,1
0_not_hotdog,0_not_hotdog/00092.jpg,0,2
0_not_hotdog,0_not_hotdog/00093.jpg,0,2
0_not_hotdog,0_not_hotdog/00094.jpg,0,2
0_not_hotdog,0_not_hotdog/00096.jpg,0,0
0_not_hotdog,0_not_hotdog/00097.jpg,0,1
0_not_hotdog,0_not_hotdog/00100.jpg,0,2
0_not_hotdog,0_not_hotdog/00101.jpg,0,1
0_not_hotdog,0_not_hotdog/00103.jpg,0,3
0_not_hotdog,0_not_hotdog/00104.jpg,0,2
0_not_hotdog,0_not_hotdog/00107.jpg,0,0
0_not_hotdog,0_not_hotdog/00108.jpg,0,1
0_not_hotdog,0_not_hotdog/00109.jpg,0,1
0_not_hotdog,0_not_hotdog/00110.jpg,0,0
0_not_hotdog,0_not_hotdog/00111.jpg,0,3
0_not_hotdog,0_not_hotdog/00112.jpg,0,3
0_not_hotdog,0_not_hotdog/00113.jpg,0,2
0_not_hotdog,0_not_hotdog/00114.jpg,0,2
0_not_hotdog,0_not_hotdog/00115.jpg,0,3
0_not_hotdog,0_not_hotdog/00116.jpg,0,2
0_not_hotdog,0_not_hotdog/00117.jpg,0,2
0_not_hotdog,0_not_hotdog/00118.jpg,0,1
0_not_hotdog,0_not_hotdog/00119.jpg,0,3
0_not_hotdog,0_not_hotdog/00120.jpg,0,0
0_not_hotdog,0_not_hotdog/00122.jpg,0,3
0_not_hotdog,0_not_hotdog/00123.jpg,0,3
0_not_hotdog,0_not_hotdog/00124.jpg,0,2
0_not_hotdog,0_not_hotdog/00125.jpg,0,1
0_not_hotdog,0_not_hotdog/00126.jpg,0,2
0_not_hotdog,0_not_hotdog/00127.jpg,0,2
0_not_hotdog,0_not_hotdog/00129.jpg,0,3
0_not_hotdog,0_not_hotdog/00131.jpg,0,1
0_not_hotdog,0_not_hotdog/00132.jpg,0,1
0_not_hotdog,0_not_hotdog/00133.jpg,0,1
0_not_hotdog,0_not_hotdog/00135.jpg,0,1
0_not_hotdog,0_not_hotdog/00136.jpg,0,0
0_not_hotdog,0_not_hotdog/00137.jpg,0,0
0_not_hotdog,0_not_hotdog/00139.jpg,0,0
0_not_hotdog,0_not_hotdog/00140.jpg,0,1
0_not_hotdog,0_not_hotdog/00141.jpg,0,0
0_not_hotdog,0_not_hotdog/00142.jpg,0,2
0_not_hotdog,0_not_hotdog/00143.jpg,0,3
0_not_hotdog,0_not_hotdog/00144.jpg,0,1
0_not_hotdog,0_not_hotdog/00145.jpg,0,1
0_not_hotdog,0_not_hotdog/00146.jpg,0,3
0_not_hotdog,0_not_hotdog/00147.jpg,0,3
0_not_hotdog,0_not_hotdog/00148.jpg,0,1
0_not_hotdog,0_not_hotdog/00149.jpg,0,2
0_not_hotdog,0_not_hotdog/00150.jpg,0,3
0_not_hotdog,0_not_hotdog/00151.jpg,0,3
0_not_hotdog,0_not_hotdog/00152.jpg,0,3
0_not_hotdog,0_not_hotdog/00153.jpg,0,2
0_not_hotdog,0_not_hotdog/00154.jpg,0,2
0_not_hotdog,0_not_hotdog/00155.jpg,0,1
0_not_hotdog,0_not_hotdog/00157.jpg,0,3
0_not_hotdog,0_not_hotdog/00158.jpg,0,0
0_not_hotdog,0_not_hotdog/00162.jpg,0,3
0_not_hotdog,0_not_hotdog/00163.jpg,0,2
0_not_hotdog,0_not_hotdog/00164.jpg,0,1
0_not_hotdog,0_not_hotdog/00165.jpg,0,0
0_not_hotdog,0_not_hotdog/00167.jpg,0,2
0_not_hotdog,0_not_hotdog/00168.jpg,0,0
0_not_hotdog,0_not_hotdog/00169.jpg,0,1
0_not_hotdog,0_not_hotdog/00171.jpg,0,3
0_not_hotdog,0_not_hotdog/00172.jpg,0,1
0_not_hotdog,0_not_hotdog/00173.jpg,0,1
0_not_hotdog,0_not_hotdog/00174.jpg,0,0
0_not_hotdog,0_not_hotdog/00175.jpg,0,2
0_not_hotdog,0_not_hotdog/00176.jpg,0,2
0_not_hotdog,0_not_hotdog/00177.jpg,0,2
0_not_hotdog,0_not_hotdog/00178.jpg,0,2
0_not_hotdog,0_not_hotdog/00179.jpg,0,2
0_not_hotdog,0_not_hotdog/00180.jpg,0,3
0_not_hotdog,0_not_hotdog/00181.jpg,0,1
0_not_hotdog,0_not_hotdog/00182.jpg,0,2
0_not_hotdog,0_not_hotdog/00183.jpg,0,3
0_not_hotdog,0_not_hotdog/00184.jpg,0,2
0_not_hotdog,0_not_hotdog/00185.jpg,0,1
0_not_hotdog,0_not_hotdog/00186.jpg,0,3
0_not_hotdog,0_not_hotdog/00188.jpg,0,2
0_not_hotdog,0_not_hotdog/00190.jpg,0,3
0_not_hotdog,0_not_hotdog/00192.jpg,0,0
0_not_hotdog,0_not_hotdog/00193.jpg,0,1
0_not_hotdog,0_not_hotdog/00194.jpg,0,3
0_not_hotdog,0_not_hotdog/00195.jpg,0,2
0_not_hotdog,0_not_hotdog/00196.jpg,0,1
0_not_hotdog,0_not_hotdog/00197.jpg,0,3
0_not_hotdog,0_not_hotdog/00198.jpg,0,0
0_not_hotdog,0_not_hotdog/00199.jpg,0,0
0_not_hotdog,0_not_hotdog/00202.jpg,0,3
0_not_hotdog,0_not_hotdog/00203.jpg,0,2
0_not_hotdog,0_not_hotdog/00204.jpg,0,1
0_not_hotdog,0_not_hotdog/00207.jpg,0,3
0_not_hotdog,0_not_hotdog/00208.jpg,0,1
0_not_hotdog,0_not_hotdog/00209.jpg,0,0
0_not_hotdog,0_not_hotdog/00210.jpg,0,0
0_not_hotdog,0_not_hotdog/00211.jpg,0,1
0_not_hotdog,0_not_hotdog/00212.jpg,0,1
0_not_hotdog,0_not_hotdog/00213.jpg,0,0
0_not_hotdog,0_not_hotdog/00215.jpg,0,0
0_not_hotdog,0_not_hotdog/00218.jpg,0,0
0_not_hotdog,0_not_hotdog/00219.jpg,0,3
0_not_hotdog,0_not_hotdog/00220.jpg,0,1
0_not_hotdog,0_not_hotdog/00221.jpg,0,2
0_not_hotdog,0_not_hotdog/00222.jpg,0,2
0_not_hotdog,0_not_hotdog/00223.jpg,0,2
0_not_hotdog,0_not_hotdog/00224.jpg,0,3
0_not_hotdog,0_not_hotdog/00225.jpg,0,3
0_not_hotdog,0_not_hotdog/00226.jpg,0,3
0_not_hotdog,0_not_hotdog/00227.jpg,0,1
0_not_hotdog,0_not_hotdog/00228.jpg,0,1
0_not_hotdog,0_not_hotdog/00229.jpg,0,3
0_not_hotdog,0_not_hotdog/00231.jpg,0,0
0_not_hotdog,0_not_hotdog/00232.jpg,0,3
0_not_hotdog,0_not_hotdog/00233.jpg,0,3
0_not_hotdog,0_not_hotdog/00234.jpg,0,1
0_not_hotdog,0_not_hotdog/00235.jpg,0,0
0_not_hotdog,0_not_hotdog/00236.jpg,0,2
0_not_hotdog,0_not_hotdog/00237.jpg,0,2
0_not_hotdog,0_not_hotdog/00238.jpg,0,1
0_not_hotdog,0_not_hotdog/00239.jpg,0,1
0_not_hotdog,0_not_hotdog/00244.jpg,0,0
0_not_hotdog,0_not_hotdog/00245.jpg,0,2
0_not_hotdog,0_not_hotdog/00246.jpg,0,3
0_not_hotdog,0_not_hotdog/00247.jpg,0,0
0_not_hotdog,0_not_hotdog/00248.jpg,0,2
0_not_hotdog,0_not_hotdog/00249.jpg,0,2
0_not_hotdog,0_not_hotdog/00250.jpg,0,0
0_not_hotdog,0_not_hotdog/00253.jpg,0,3
0_not_hotdog,0_not_hotdog/00254.jpg,0,0
0_not_hotdog,0_not_hotdog/00255.jpg,0,3
0_not_hotdog,0_not_hotdog/00256.jpg,0,2
0_not_hotdog,0_not_hotdog/00257.jpg,0,2
0_not_hotdog,0_not_hotdog/00258.jpg,0,3
0_not_hotdog,0_not_hotdog/00259.jpg,0,0
0_not_hotdog,0_not_hotdog/00260.jpg,0,1
0_not_hotdog,0_not_hotdog/00261.jpg,0,0
0_not_hotdog,0_not_hotdog/00262.jpg,0,3
0_not_hotdog,0_not_hotdog/00263.jpg,0,2
0_not_hotdog,0_not_hotdog/00264.jpg,0,1
0_not_hotdog,0_not_hotdog/00265.jpg,0,0
0_not_hotdog,0_not_hotdog/00266.jpg,0,0
0_not_hotdog,0_not_hotdog/00267.jpg,0,3
0_not_hotdog,0_not_hotdog/00268.jpg,0,2
0_not_hotdog,0_not_hotdog/00271.jpg,0,2
0_not_hotdog,0_not_hotdog/00272.jpg,0,2
0_not_hotdog,0_not_hotdog/00274.jpg,0,1
0_not_hotdog,0_not_hotdog/00275.jpg,0,1
0_not_hotdog,0_not_hotdog/00277.jpg,0,0
0_not_hotdog,0_not_hotdog/00278.jpg,0,2
0_not_hotdog,0_not_hotdog/00279.jpg,0,3
0_not_hotdog,0_not_hotdog/00280.jpg,0,1
0_not_hotdog,0_not_hotdog/00281.jpg,0,0
0_not_hotdog,0_not_hotdog/00282.jpg,0,3
0_not_hotdog,0_not_hotdog/00283.jpg,0,3
0_not_hotdog,0_not_hotdog/00284.jpg,0,2
0_not_hotdog,0_not_hotdog/00285.jpg,0,2
0_not_hotdog,0_not_hotdog/00286.jpg,0,0
0_not_hotdog,0_not_hotdog/00287.jpg,0,2
0_not_hotdog,0_not_hotdog/00289.jpg,0,2
0_not_hotdog,0_not_hotdog/00290.jpg,0,0
0_not_hotdog,0_not_hotdog/00291.jpg,0,1
0_not_hotdog,0_not_hotdog/00292.jpg,0,0
0_not_hotdog,0_not_hotdog/00293.jpg,0,3
0_not_hotdog,0_not_hotdog/00294.jpg,0,1
0_not_hotdog,0_not_hotdog/00296.jpg,0,0
0_not_hotdog,0_not_hotdog/00297.jpg,0,3
0_not_hotdog,0_not_hotdog/00298.jpg,0,0
0_not_hotdog,0_not_hotdog/00299.jpg,0,0
0_not_hotdog,0_not_hotdog/00300.jpg,0,1
0_not_hotdog,0_not_hotdog/00301.jpg,0,3
0_not_hotdog,0_not_hotdog/00302.jpg,0,0
0_not_hotdog,0_not_hotdog/00303.jpg,0,3
0_not_hotdog,0_not_hotdog/00304.jpg,0,2
0_not_hotdog,0_not_hotdog/00305.jpg,0,0
0_not_hotdog,0_not_hotdog/00306.jpg,0,1
0_not_hotdog,0_not_hotdog/00307.jpg,0,0
0_not_hotdog,0_not_hotdog/00309.jpg,0,1
0_not_hotdog,0_not_hotdog/00310.jpg,0,1
0_not_hotdog,0_not_hotdog/00311.jpg,0,1
0_not_hotdog,0_not_hotdog/00312.jpg,0,1
0_not_hotdog,0_not_hotdog/00314.jpg,0,0
0_not_hotdog,0_not_hotdog/00316.jpg,0,0
0_not_hotdog,0_not_hotdog/00317.jpg,0,3
0_not_hotdog,0_not_hotdog/00318.jpg,0,0
0_not_hotdog,0_not_hotdog/00319.jpg,0,0
0_not_hotdog,0_not_hotdog/00320.jpg,0,2
0_not_hotdog,0_not_hotdog/00321.jpg,0,0
0_not_hotdog,0_not_hotdog/00322.jpg,0,3
0_not_hotdog,0_not_hotdog/00323.jpg,0,0
0_not_hotdog,0_not_hotdog/00324.jpg,0,2
0_not_hotdog,0_not_hotdog/00325.jpg,0,3
0_not_hotdog,0_not_hotdog/00326.jpg,0,1
0_not_hotdog,0_not_hotdog/00327.jpg,0,1
0_not_hotdog,0_not_hotdog/00328.jpg,0,1
0_not_hotdog,0_not_hotdog/00329.jpg,0,2
0_not_hotdog,0_not_hotdog/00331.jpg,0,0
0_not_hotdog,0_not_hotdog/00332.jpg,0,1
0_not_hotdog,0_not_hotdog/00333.jpg,0,1
0_not_hotdog,0_not_hotdog/00334.jpg,0,1
0_not_hotdog,0_not_hotdog/00335.jpg,0,2
0_not_hotdog,0_not_hotdog/00336.jpg,0,2
0_not_hotdog,0_not_hotdog/00338.jpg,0,1
0_not_hotdog,0_not_hotdog/00340.jpg,0,2
0_not_hotdog,0_not_hotdog/00341.jpg,0,2
0_not_hotdog,0_not_hotdog/00342.jpg,0,0
0_not_hotdog,0_not_hotdog/00344.jpg,0,0
0_not_hotdog,0_not_hotdog/00346.jpg,0,0
0_not_hotdog,0_not_hotdog/00347.jpg,0,3
0_not_hotdog,0_not_hotdog/00348.jpg,0,3
0_not_hotdog,0_not_hotdog/00349.jpg,0,2
0_not_hotdog,0_not_hotdog/00350.jpg,0,0
0_not_hotdog,0_not_hotdog/00351.jpg,0,0
0_not_hotdog,0_not_hotdog/00352.jpg,0,0
0_not_hotdog,0_not_hotdog/00353.jpg,0,2
0_not_hotdog,0_not_hotdog/00354.jpg,0,2
0_not_hotdog,0_not_hotdog/00355.jpg,0,0
0_not_hotdog,0_not_hotdog/00356.jpg,0,2
0_not_hotdog,0_not_hotdog/00357.jpg,0,0
0_not_hotdog,0_not_hotdog/00358.jpg,0,3
0_not_hotdog,0_not_hotdog/00359.jpg,0,1
0_not_hotdog,0_not_hotdog/00360.jpg,0,2
0_not_hotdog,0_not_hotdog/00361.jpg,0,0
0_not_hotdog,0_not_hotdog/00362.jpg,0,1
0_not_hotdog,0_not_hotdog/00363.jpg,0,0
0_not_hotdog,0_not_hotdog/00364.jpg,0,3
0_not_hotdog,0_not_hotdog/00365.jpg,0,0
0_not_hotdog,0_not_hotdog/00367.jpg,0,1
0_not_hotdog,0_not_hotdog/00368.jpg,0,2
0_not_hotdog,0_not_hotdog/00369.jpg,0,2
0_not_hotdog,0_not_hotdog/00370.jpg,0,1
0_not_hotdog,0_not_hotdog/00371.jpg,0,0
0_not_hotdog,0_not_hotdog/00373.jpg,0,3
0_not_hotdog,0_not_hotdog/00374.jpg,0,3
0_not_hotdog,0_not_hotdog/00375.jpg,0,2
0_not_hotdog,0_not_hotdog/00376.jpg,0,3
0_not_hotdog,0_not_hotdog/00377.jpg,0,1
0_not_hotdog,0_not_hotdog/00380.jpg,0,1
0_not_hotdog,0_not_hotdog/00381.jpg,0,0
0_not_hotdog,0_not_hotdog/00382.jpg,0,0
0_not_hotdog,0_not_hotdog/00383.jpg,0,2
0_not_hotdog,0_not_hotdog/00384.jpg,0,3
0_not_hotdog,0_not_hotdog/00386.jpg,0,3
0_not_hotdog,0_not_hotdog/00388.jpg,0,0
0_not_hotdog,0_not_hotdog/00390.jpg,0,2
0_not_hotdog,0_not_hotdog/00393.jpg,0,2
0_not_hotdog,0_not_hotdog/00394.jpg,0,0
0_not_hotdog,0_not_hotdog/00395.jpg,0,2
0_not_hotdog,0_not_hotdog/00396.jpg,0,2
0_not_hotdog,0_not_hotdog/00398.jpg,0,0
0_not_hotdog,0_not_hotdog/00399.jpg,0,2
0_not_hotdog,0_not_hotdog/00400.jpg,0,3
0_not_hotdog,0_not_hotdog/00402.jpg,0,3
0_not_hotdog,0_not_hotdog/00403.jpg,0,3
0_not_hotdog,0_not_hotdog/00404.jpg,0,0
0_not_hotdog,0_not_hotdog/00405.jpg,0,1
0_not_hotdog,0_not_hotdog/00407.jpg,0,2
0_not_hotdog,0_not_hotdog/00408.jpg,0,1
0_not_hotdog,0_not_hotdog/00409.jpg,0,2
0_not_hotdog,0_not_hotdog/00410.jpg,0,3
0_not_hotdog,0_not_hotdog/00411.jpg,0,0
0_not_hotdog,0_not_hotdog/00412.jpg,0,2
0_not_hotdog,0_not_hotdog/00414.jpg,0,3
0_not_hotdog,0_not_hotdog/00415.jpg,0,3
0_not_hotdog,0_not_hotdog/00416.jpg,0,2
0_not_hotdog,0_not_hotdog/00417.jpg,0,2
0_not_hotdog,0_not_hotdog/00419.jpg,0,3
0_not_hotdog,0_not_hotdog/00420.jpg,0,0
0_not_hotdog,0_not_hotdog/00421.jpg,0,3
0_not_hotdog,0_not_hotdog/00422.jpg,0,1
0_not_hotdog,0_not_hotdog/00423.jpg,0,1
0_not_hotdog,0_not_hotdog/00424.jpg,0,1
0_not_hotdog,0_not_hotdog/00425.jpg,0,1
0_not_hotdog,0_not_hotdog/00426.jpg,0,2
0_not_hotdog,0_not_hotdog/00428.jpg,0,0
0_not_hotdog,0_not_hotdog/00429.jpg,0,0
0_not_hotdog,0_not_hotdog/00430.jpg,0,2
0_not_hotdog,0_not_hotdog/00431.jpg,0,2
0_not_hotdog,0_not_hotdog/00432.jpg,0,1
0_not_hotdog,0_not_hotdog/00433.jpg,0,1
0_not_hotdog,0_not_hotdog/00434.jpg,0,2
0_not_hotdog,0_not_hotdog/00436.jpg,0,0
0_not_hotdog,0_not_hotdog/00437.jpg,0,3
0_not_hotdog,0_not_hotdog/00438.jpg,0,3
0_not_hotdog,0_not_hotdog/00439.jpg,0,1
0_not_hotdog,0_not_hotdog/00440.jpg,0,2
0_not_hotdog,0_not_hotdog/00441.jpg,0,3
0_not_hotdog,0_not_hotdog/00442.jpg,0,1
0_not_hotdog,0_not_hotdog/00443.jpg,0,2
0_not_hotdog,0_not_hotdog/00444.jpg,0,2
0_not_hotdog,0_not_hotdog/00445.jpg,0,2
0_not_hotdog,0_not_hotdog/00446.jpg,0,2
0_not_hotdog,0_not_hotdog/00447.jpg,0,1
0_not_hotdog,0_not_hotdog/00448.jpg,0,0
0_not_hotdog,0_not_hotdog/00449.jpg,0,2
0_not_hotdog,0_not_hotdog/00450.jpg,0,0
0_not_hotdog,0_not_hotdog/00451.jpg,0,1
0_not_hotdog,0_not_hotdog/00452.jpg,0,3
0_not_hotdog,0_not_hotdog/00453.jpg,0,1
0_not_hotdog,0_not_hotdog/00456.jpg,0,1
0_not_hotdog,0_not_hotdog/00457.jpg,0,1
0_not_hotdog,0_not_hotdog/00462.jpg,0,1
0_not_hotdog,0_not_hotdog/00463.jpg,0,3
0_not_hotdog,0_not_hotdog/00464.jpg,0,0
0_not_hotdog,0_not_hotdog/00465.jpg,0,0
0_not_hotdog,0_not_hotdog/00467.jpg,0,0
0_not_hotdog,0_not_hotdog/00468.jpg,0,0
0_not_hotdog,0_not_hotdog/00469.jpg,0,3
0_not_hotdog,0_not_hotdog/00470.jpg,0,2
0_not_hotdog,0_not_hotdog/00472.jpg,0,3
0_not_hotdog,0_not_hotdog/00473.jpg,0,2
0_not_hotdog,0_not_hotdog/00477.jpg,0,1
0_not_hotdog,0_not_hotdog/00478.jpg,0,0
0_not_hotdog,0_not_hotdog/00479.jpg,0,0
0_not_hotdog,0_not_hotdog/00480.jpg,0,3
0_not_hotdog,0_not_hotdog/00481.jpg,0,2
0_not_hotdog,0_not_hotdog/00482.jpg,0,0
0_not_hotdog,0_not_hotdog/00483.jpg,0,1
0_not_hotdog,0_not_hotdog/00485.jpg,0,1
0_not_hotdog,0_not_hotdog/00486.jpg,0,2
0_not_hotdog,0_not_hotdog/00487.jpg,0,2
0_not_hotdog,0_not_hotdog/00488.jpg,0,3
0_not_hotdog,0_not_hotdog/00490.jpg,0,2
0_not_hotdog,0_not_hotdog/00493.jpg,0,0
0_not_hotdog,0_not_hotdog/00494.jpg,0,1
0_not_hotdog,0_not_hotdog/00495.jpg,0,0
0_not_hotdog,0_not_hotdog/00496.jpg,0,3
0_not_hotdog,0_not_hotdog/00497.jpg,0,1
0_not_hotdog,0_not_hotdog/00499.jpg,0,2
0_not_hotdog,0_not_hotdog/00500.jpg,0,1
0_not_hotdog,0_not_hotdog/00501.jpg,0,0
0_not_hotdog,0_not_hotdog/00503.jpg,0,3
0_not_hotdog,0_not_hotdog/00505.jpg,0,3
0_not_hotdog,0_not_hotdog/00506.jpg,0,1
0_not_hotdog,0_not_hotdog/00507.jpg,0,0
0_not_hotdog,0_not_hotdog/00509.jpg,0,3
0_not_hotdog,0_not_hotdog/00511.jpg,0,3
0_not_hotdog,0_not_hotdog/00512.jpg,0,2
0_not_hotdog,0_not_hotdog/00513.jpg,0,0
0_not_hotdog,0_not_hotdog/00514.jpg,0,1
0_not_hotdog,0_not_hotdog/00515.jpg,0,3
0_not_hotdog,0_not_hotdog/00516.jpg,0,1
0_not_hotdog,0_not_hotdog/00517.jpg,0,3
0_not_hotdog,0_not_hotdog/00518.jpg,0,1
0_not_hotdog,0_not_hotdog/00519.jpg,0,0
0_not_hotdog,0_not_hotdog/00521.jpg,0,1
0_not_hotdog,0_not_hotdog/00522.jpg,0,2
0_not_hotdog,0_not_hotdog/00523.jpg,0,1
0_not_hotdog,0_not_hotdog/00525.jpg,0,1
0_not_hotdog,0_not_hotdog/00526.jpg,0,0
0_not_hotdog,0_not_hotdog/00527.jpg,0,1
0_not_hotdog,0_not_hotdog/00528.jpg,0,2
0_not_hotdog,0_not_hotdog/00529.jpg,0,0
0_not_hotdog,0_not_hotdog/00530.jpg,0,2
0_not_hotdog,0_not_hotdog/00531.jpg,0,0
0_not_hotdog,0_not_hotdog/00532.jpg,0,0
0_not_hotdog,0_not_hotdog/00533.jpg,0,1
0_not_hotdog,0_not_hotdog/00534.jpg,0,0
0_not_hotdog,0_not_hotdog/00535.jpg,0,2
0_not_hotdog,0_not_hotdog/00536.jpg,0,0
0_not_hotdog,0_not_hotdog/00537.jpg,0,2
0_not_hotdog,0_not_hotdog/00538.jpg,0,0
0_not_hotdog,0_not_hotdog/00539.jpg,0,1
0_not_hotdog,0_not_hotdog/00541.jpg,0,2
0_not_hotdog,0_not_hotdog/00542.jpg,0,0
0_not_hotdog,0_not_hotdog/00543.jpg,0,1
0_not_hotdog,0_not_hotdog/00544.jpg,0,1
0_not_hotdog,0_not_hotdog/00545.jpg,0,1
0_not_hotdog,0_not_hotdog/00547.jpg,0,0
0_not_hotdog,0_not_hotdog/00548.jpg,0,0
0_not_hotdog,0_not_hotdog/00549.jpg,0,2
0_not_hotdog,0_not_hotdog/00550.jpg,0,3
0_not_hotdog,0_not_hotdog/00551.jpg,0,1
0_not_hotdog,0_not_hotdog/00552.jpg,0,0
0_not_hotdog,0_not_hotdog/00554.jpg,0,1
0_not_hotdog,0_not_hotdog/00556.jpg,0,3
0_not_hotdog,0_not_hotdog/00557.jpg,0,1
0_not_hotdog,0_not_hotdog/00558.jpg,0,1
0_not_hotdog,0_not_hotdog/00559.jpg,0,2
0_not_hotdog,0_not_hotdog/00567.jpg,0,2
0_not_hotdog,0_not_hotdog/00568.jpg,0,2
0_not_hotdog,0_not_hotdog/00569.jpg,0,2
0_not_hotdog,0_not_hotdog/00570.jpg,0,2
0_not_hotdog,0_not_hotdog/00571.jpg,0,3
0_not_hotdog,0_not_hotdog/00572.jpg,0,0
0_not_hotdog,0_not_hotdog/00575.jpg,0,0
0_not_hotdog,0_not_hotdog/00576.jpg,0,2
0_not_hotdog,0_not_hotdog/00578.jpg,0,0
0_not_hotdog,0_not_hotdog/00579.jpg,0,3
0_not_hotdog,0_not_hotdog/00580.jpg,0,0
0_not_hotdog,0_not_hotdog/00581.jpg,0,1
0_not_hotdog,0_not_hotdog/00582.jpg,0,2
0_not_hotdog,0_not_hotdog/00583.jpg,0,1
0_not_hotdog,0_not_hotdog/00584.jpg,0,0
0_not_hotdog,0_not_hotdog/00585.jpg,0,2
0_not_hotdog,0_not_hotdog/00586.jpg,0,3
0_not_hotdog,0_not_hotdog/00587.jpg,0,2
0_not_hotdog,0_not_hotdog/00588.jpg,0,2
0_not_hotdog,0_not_hotdog/00589.jpg,0,1
0_not_hotdog,0_not_hotdog/00590.jpg,0,2
0_not_hotdog,0_not_hotdog/00591.jpg,0,2
0_not_hotdog,0_not_hotdog/00593.jpg,0,0
0_not_hotdog,0_not_hotdog/00594.jpg,0,1
0_not_hotdog,0_not_hotdog/00595.jpg,0,1
0_not_hotdog,0_not_hotdog/00596.jpg,0,2
0_not_hotdog,0_not_hotdog/00597.jpg,0,0
0_not_hotdog,0_not_hotdog/00598.jpg,0,2
0_not_hotdog,0_not_hotdog/00599.jpg,0,0
0_not_hotdog,0_not_hotdog/00601.jpg,0,2
0_not_hotdog,0_not_hotdog/00602.jpg,0,0
0_not_hotdog,0_not_hotdog/00603.jpg,0,2
0_not_hotdog,0_not_hotdog/00604.jpg,0,2
0_not_hotdog,0_not_hotdog/00605.jpg,0,2
0_not_hotdog,0_not_hotdog/00606.jpg,0,2
0_not_hotdog,0_not_hotdog/00607.jpg,0,3
0_not_hotdog,0_not_hotdog/00608.jpg,0,3
0_not_hotdog,0_not_hotdog/00609.jpg,0,3
0_not_hotdog,0_not_hotdog/00610.jpg,0,3
0_not_hotdog,0_not_hotdog/00611.jpg,0,0
0_not_hotdog,0_not_hotdog/00613.jpg,0,1
0_not_hotdog,0_not_hotdog/00615.jpg,0,2
0_not_hotdog,0_not_hotdog/00616.jpg,0,1
0_not_hotdog,0_not_hotdog/00617.jpg,0,1
0_not_hotdog,0_not_hotdog/00618.jpg,0,0
0_not_hotdog,0_not_hotdog/00619.jpg,0,3
0_not_hotdog,0_not_hotdog/00620.jpg,0,1
0_not_hotdog,0_not_hotdog/00621.jpg,0,1
0_not_hotdog,0_not_hotdog/00622.jpg,0,0
0_not_hotdog,0_not_hotdog/00623.jpg,0,3
0_not_hotdog,0_not_hotdog/00624.jpg,0,3
0_not_hotdog,0_not_hotdog/00625.jpg,0,0
0_not_hotdog,0_not_hotdog/00626.jpg,0,0
0_not_hotdog,0_not_hotdog/00627.jpg,0,3
0_not_hotdog,0_not_hotdog/00628.jpg,0,1
0_not_hotdog,0_not_hotdog/00629.jpg,0,3
0_not_hotdog,0_not_hotdog/00630.jpg,0,0
0_not_hotdog,0_not_hotdog/00631.jpg,0,2
0_not_hotdog,0_not_hotdog/00632.jpg,0,3
0_not_hotdog,0_not_hotdog/00633.jpg,0,2
0_not_hotdog,0_not_hotdog/00634.jpg,0,0
0_not_hotdog,0_not_hotdog/00635.jpg,0,1
0_not_hotdog,0_not_hotdog/00636.jpg,0,3
0_not_hotdog,0_not_hotdog/00637.jpg,0,3
0_not_hotdog,0_not_hotdog/00638.jpg,0,0
0_not_hotdog,0_not_hotdog/00639.jpg,0,3
0_not_hotdog,0_not_hotdog/00640.jpg,0,3
0_not_hotdog,0_not_hotdog/00641.jpg,0,3
0_not_hotdog,0_not_hotdog/00643.jpg,0,0
0_not_hotdog,0_not_hotdog/00644.jpg,0,0
0_not_hotdog,0_not_hotdog/00645.jpg,0,3
0_not_hotdog,0_not_hotdog/00648.jpg,0,3
0_not_hotdog,0_not_hotdog/00649.jpg,0,2
0_not_hotdog,0_not_hotdog/00650.jpg,0,2
0_not_hotdog,0_not_hotdog/00651.jpg,0,3
0_not_hotdog,0_not_hotdog/00652.jpg,0,0
0_not_hotdog,0_not_hotdog/00653.jpg,0,0
0_not_hotdog,0_not_hotdog/00655.jpg,0,1
0_not_hotdog,0_not_hotdog/00656.jpg,0,1
0_not_hotdog,0_not_hotdog/00657.jpg,0,2
0_not_hotdog,0_not_hotdog/00658.jpg,0,3
0_not_hotdog,0_not_hotdog/00659.jpg,0,3
0_not_hotdog,0_not_hotdog/00660.jpg,0,0
0_not_hotdog,0_not_hotdog/00662.jpg,0,0
0_not_hotdog,0_not_hotdog/00664.jpg,0,1
0_not_hotdog,0_not_hotdog/00665.jpg,0,2
0_not_hotdog,0_not_hotdog/00666.jpg,0,2
0_not_hotdog,0_not_hotdog/00667.jpg,0,1
0_not_hotdog,0_not_hotdog/00668.jpg,0,0
0_not_hotdog,0_not_hotdog/00669.jpg,0,2
0_not_hotdog,0_not_hotdog/00670.jpg,0,1
0_not_hotdog,0_not_hotdog/00671.jpg,0,3
0_not_hotdog,0_not_hotdog/00672.jpg,0,2
0_not_hotdog,0_not_hotdog/00673.jpg,0,3
0_not_hotdog,0_not_hotdog/00675.jpg,0,3
0_not_hotdog,0_not_hotdog/00676.jpg,0,3
0_not_hotdog,0_not_hotdog/00677.jpg,0,0
0_not_hotdog,0_not_hotdog/00678.jpg,0,0
0_not_hotdog,0_not_hotdog/00679.jpg,0,1
0_not_hotdog,0_not_hotdog/00680.jpg,0,2
0_not_hotdog,0_not_hotdog/00682.jpg,0,3
0_not_hotdog,0_not_hotdog/00684.jpg,0,3
0_not_hotdog,0_not_hotdog/00685.jpg,0,3
0_not_hotdog,0_not_hotdog/00687.jpg,0,1
0_not_hotdog,0_not_hotdog/00688.jpg,0,1
0_not_hotdog,0_not_hotdog/00689.jpg,0,0
0_not_hotdog,0_not_hotdog/00691.jpg,0,3
0_not_hotdog,0_not_hotdog/00692.jpg,0,3
0_not_hotdog,0_not_hotdog/00693.jpg,0,3
0_not_hotdog,0_not_hotdog/00694.jpg,0,0
0_not_hotdog,0_not_hotdog/00695.jpg,0,1
0_not_hotdog,0_not_hotdog/00696.jpg,0,3
0_not_hotdog,0_not_hotdog/00697.jpg,0,0
0_not_hotdog,0_not_hotdog/00703.jpg,0,2
0_not_hotdog,0_not_hotdog/00704.jpg,0,2
0_not_hotdog,0_not_hotdog/00705.jpg,0,0
0_not_hotdog,0_not_hotdog/00706.jpg,0,0
0_not_hotdog,0_not_hotdog/00707.jpg,0,2
0_not_hotdog,0_not_hotdog/00708.jpg,0,0
0_not_hotdog,0_not_hotdog/00709.jpg,0,3
0_not_hotdog,0_not_hotdog/00710.jpg,0,3
0_not_hotdog,0_not_hotdog/00711.jpg,0,0
0_not_hotdog,0_not_hotdog/00712.jpg,0,0
0_not_hotdog,0_not_hotdog/00713.jpg,0,2
0_not_hotdog,0_not_hotdog/00714.jpg,0,3
0_not_hotdog,0_not_hotdog/00715.jpg,0,2
0_not_hotdog,0_not_hotdog/00716.jpg,0,3
0_not_hotdog,0_not_hotdog/00717.jpg,0,0
0_not_hotdog,0_not_hotdog/00718.jpg,0,3
0_not_hotdog,0_not_hotdog/00720.jpg,0,3
0_not_hotdog,0_not_hotdog/00721.jpg,0,1
0_not_hotdog,0_not_hotdog/00722.jpg,0,3
0_not_hotdog,0_not_hotdog/00723.jpg,0,0
0_not_hotdog,0_not_hotdog/00728.jpg,0,2
0_not_hotdog,0_not_hotdog/00730.jpg,0,3
0_not_hotdog,0_not_hotdog/00731.jpg,0,3
0_not_hotdog,0_not_hotdog/00732.jpg,0,3
0_not_hotdog,0_not_hotdog/00734.jpg,0,1
0_not_hotdog,0_not_hotdog/00735.jpg,0,3
0_not_hotdog,0_not_hotdog/00736.jpg,0,0
0_not_hotdog,0_not_hotdog/00737.jpg,0,0
0_not_hotdog,0_not_hotdog/00739.jpg,0,0
0_not_hotdog,0_not_hotdog/00740.jpg,0,3
0_not_hotdog,0_not_hotdog/00741.jpg,0,1
0_not_hotdog,0_not_hotdog/00743.jpg,0,2
0_not_hotdog,0_not_hotdog/00744.jpg,0,3
0_not_hotdog,0_not_hotdog/00745.jpg,0,1
0_not_hotdog,0_not_hotdog/00746.jpg,0,2
0_not_hotdog,0_not_hotdog/00749.jpg,0,1
0_not_hotdog,0_not_hotdog/00750.jpg,0,3
0_not_hotdog,0_not_hotdog/00751.jpg,0,3
0_not_hotdog,0_not_hotdog/00752.jpg,0,3
0_not_hotdog,0_not_hotdog/00753.jpg,0,1
0_not_hotdog,0_not_hotdog/00754.jpg,0,3
0_not_hotdog,0_not_hotdog/00755.jpg,0,3
0_not_hotdog,0_not_hotdog/00756.jpg,0,2
0_not_hotdog,0_not_hotdog/00757.jpg,0,1
0_not_hotdog,0_not_hotdog/00758.jpg,0,3
0_not_hotdog,0_not_hotdog/00759.jpg,0,1
0_not_hotdog,0_not_hotdog/00760.jpg,0,2
0_not_hotdog,0_not_hotdog/00761.jpg,0,3
0_not_hotdog,0_not_hotdog/00762.jpg,0,1
0_not_hotdog,0_not_hotdog/00764.jpg,0,2
0_not_hotdog,0_not_hotdog/00765.jpg,0,0
0_not_hotdog,0_not_hotdog/00767.jpg,0,1
0_not_hotdog,0_not_hotdog/00770.jpg,0,1
0_not_hotdog,0_not_hotdog/00773.jpg,0,0
0_not_hotdog,0_not_hotdog/00774.jpg,0,3
0_not_hotdog,0_not_hotdog/00777.jpg,0,2
0_not_hotdog,0_not_hotdog/00778.jpg,0,1
0_not_hotdog,0_not_hotdog/00780.jpg,0,3
0_not_hotdog,0_not_hotdog/00781.jpg,0,1
0_not_hotdog,0_not_hotdog/00783.jpg,0,1
0_not_hotdog,0_not_hotdog/00784.jpg,0,2
0_not_hotdog,0_not_hotdog/00785.jpg,0,0
0_not_hotdog,0_not_hotdog/00786.jpg,0,2
0_not_hotdog,0_not_hotdog/00787.jpg,0,3
0_not_hotdog,0_not_hotdog/00788.jpg,0,0
0_not_hotdog,0_not_hotdog/00789.jpg,0,0
0_not_hotdog,0_not_hotdog/00790.jpg,0,2
0_not_hotdog,0_not_hotdog/00792.jpg,0,2
0_not_hotdog,0_not_hotdog/00793.jpg,0,1
0_not_hotdog,0_not_hotdog/00795.jpg,0,0
0_not_hotdog,0_not_hotdog/00796.jpg,0,2
0_not_hotdog,0_not_hotdog/00797.jpg,0,0
0_not_hotdog,0_not_hotdog/00798.jpg,0,3
0_not_hotdog,0_not_hotdog/00799.jpg,0,1
0_not_hotdog,0_not_hotdog/00800.jpg,0,0
0_not_hotdog,0_not_hotdog/00801.jpg,0,2
0_not_hotdog,0_not_hotdog/00802.jpg,0,2
0_not_hotdog,0_not_hotdog/00803.jpg,0,0
0_not_hotdog,0_not_hotdog/00806.jpg,0,3
0_not_hotdog,0_not_hotdog/00807.jpg,0,3
0_not_hotdog,0_not_hotdog/00808.jpg,0,3
0_not_hotdog,0_not_hotdog/00809.jpg,0,3
0_not_hotdog,0_not_hotdog/00810.jpg,0,3
0_not_hotdog,0_not_hotdog/00811.jpg,0,3
0_not_hotdog,0_not_hotdog/00813.jpg,0,2
0_not_hotdog,0_not_hotdog/00814.jpg,0,3
0_not_hotdog,0_not_hotdog/00817.jpg,0,0
0_not_hotdog,0_not_hotdog/00819.jpg,0,0
0_not_hotdog,0_not_hotdog/00820.jpg,0,3
0_not_hotdog,0_not_hotdog/00822.jpg,0,3
0_not_hotdog,0_not_hotdog/00823.jpg,0,1
0_not_hotdog,0_not_hotdog/00825.jpg,0,2
0_not_hotdog,0_not_hotdog/00826.jpg,0,2
0_not_hotdog,0_not_hotdog/00827.jpg,0,0
0_not_hotdog,0_not_hotdog/00828.jpg,0,2
0_not_hotdog,0_not_hotdog/00829.jpg,0,0
0_not_hotdog,0_not_hotdog/00830.jpg,0,2
0_not_hotdog,0_not_hotdog/00832.jpg,0,3
0_not_hotdog,0_not_hotdog/00833.jpg,0,0
0_not_hotdog,0_not_hotdog/00834.jpg,0,0
0_not_hotdog,0_not_hotdog/00835.jpg,0,1
0_not_hotdog,0_not_hotdog/00836.jpg,0,3
0_not_hotdog,0_not_hotdog/00837.jpg,0,1
0_not_hotdog,0_not_hotdog/00839.jpg,0,0
0_not_hotdog,0_not_hotdog/00841.jpg,0,1
0_not_hotdog,0_not_hotdog/00842.jpg,0,2
0_not_hotdog,0_not_hotdog/00843.jpg,0,2
0_not_hotdog,0_not_hotdog/00845.jpg,0,1
0_not_hotdog,0_not_hotdog/00847.jpg,0,0
0_not_hotdog,0_not_hotdog/00848.jpg,0,2
0_not_hotdog,0_not_hotdog/00849.jpg,0,0
0_not_hotdog,0_not_hotdog/00850.jpg,0,2
0_not_hotdog,0_not_hotdog/00851.jpg,0,2
0_not_hotdog,0_not_hotdog/00852.jpg,0,1
0_not_hotdog,0_not_hotdog/00853.jpg,0,3
0_not_hotdog,0_not_hotdog/00854.jpg,0,3
0_not_hotdog,0_not_hotdog/00857.jpg,0,2
0_not_hotdog,0_not_hotdog/00858.jpg,0,1
0_not_hotdog,0_not_hotdog/00859.jpg,0,1
0_not_hotdog,0_not_hotdog/00861.jpg,0,2
0_not_hotdog,0_not_hotdog/00863.jpg,0,3
0_not_hotdog,0_not_hotdog/00864.jpg,0,0
0_not_hotdog,0_not_hotdog/00867.jpg,0,0
0_not_hotdog,0_not_hotdog/00868.jpg,0,1
0_not_hotdog,0_not_hotdog/00869.jpg,0,0
0_not_hotdog,0_not_hotdog/00870.jpg,0,3
0_not_hotdog,0_not_hotdog/00872.jpg,0,1
0_not_hotdog,0_not_hotdog/00873.jpg,0,1
0_not_hotdog,0_not_hotdog/00874.jpg,0,3
0_not_hotdog,0_not_hotdog/00876.jpg,0,0
0_not_hotdog,0_not_hotdog/00877.jpg,0,2
0_not_hotdog,0_not_hotdog/00878.jpg,0,3
0_not_hotdog,0_not_hotdog/00879.jpg,0,0
0_not_hotdog,0_not_hotdog/00880.jpg,0,3
0_not_hotdog,0_not_hotdog/00881.jpg,0,1
0_not_hotdog,0_not_hotdog/00882.jpg,0,3
0_not_hotdog,0_not_hotdog/00883.jpg,0,1
0_not_hotdog,0_not_hotdog/00884.jpg,0,3
0_not_hotdog,0_not_hotdog/00885.jpg,0,1
0_not_hotdog,0_not_hotdog/00886.jpg,0,2
0_not_hotdog,0_not_hotdog/00887.jpg,0,3
0_not_hotdog,0_not_hotdog/00888.jpg,0,2
0_not_hotdog,0_not_hotdog/00889.jpg,0,1
0_not_hotdog,0_not_hotdog/00890.jpg,0,2
0_not_hotdog,0_not_hotdog/00891.jpg,0,1
0_not_hotdog,0_not_hotdog/00892.jpg,0,2
0_not_hotdog,0_not_hotdog/00893.jpg,0,3
0_not_hotdog,0_not_hotdog/00894.jpg,0,2
0_not_hotdog,0_not_hotdog/00895.jpg,0,3
0_not_hotdog,0_not_hotdog/00896.jpg,0,2
0_not_hotdog,0_not_hotdog/00897.jpg,0,2
0_not_hotdog,0_not_hotdog/00898.jpg,0,1
0_not_hotdog,0_not_hotdog/00899.jpg,0,1
0_not_hotdog,0_not_hotdog/00900.jpg,0,0
0_not_hotdog,0_not_hotdog/00902.jpg,0,0
0_not_hotdog,0_not_hotdog/00903.jpg,0,1
0_not_hotdog,0_not_hotdog/00904.jpg,0,0
0_not_hotdog,0_not_hotdog/00905.jpg,0,0
0_not_hotdog,0_not_hotdog/00906.jpg,0,1
0_not_hotdog,0_not_hotdog/00907.jpg,0,3
0_not_hotdog,0_not_hotdog/00909.jpg,0,3
0_not_hotdog,0_not_hotdog/00910.jpg,0,1
0_not_hotdog,0_not_hotdog/00911.jpg,0,3
0_not_hotdog,0_not_hotdog/00912.jpg,0,0
0_not_hotdog,0_not_hotdog/00913.jpg,0,0
0_not_hotdog,0_not_hotdog/00914.jpg,0,3
0_not_hotdog,0_not_hotdog/00915.jpg,0,3
0_not_hotdog,0_not_hotdog/00916.jpg,0,1
0_not_hotdog,0_not_hotdog/00917.jpg,0,3
0_not_hotdog,0_not_hotdog/00918.jpg,0,3
0_not_hotdog,0_not_hotdog/00919.jpg,0,0
0_not_hotdog,0_not_hotdog/00920.jpg,0,0
0_not_hotdog,0_not_hotdog/00921.jpg,0,3
0_not_hotdog,0_not_hotdog/00922.jpg,0,3
0_not_hotdog,0_not_hotdog/00923.jpg,0,1
0_not_hotdog,0_not_hotdog/00924.jpg,0,1
0_not_hotdog,0_not_hotdog/00925.jpg,0,1
0_not_hotdog,0_not_hotdog/00926.jpg,0,0
0_not_hotdog,0_not_hotdog/00927.jpg,0,1
0_not_hotdog,0_not_hotdog/00928.jpg,0,3
0_not_hotdog,0_not_hotdog/00929.jpg,0,3
0_not_hotdog,0_not_hotdog/00930.jpg,0,2
0_not_hotdog,0_not_hotdog/00931.jpg,0,3
0_not_hotdog,0_not_hotdog/00932.jpg,0,3
0_not_hotdog,0_not_hotdog/00933.jpg,0,3
0_not_hotdog,0_not_hotdog/00934.jpg,0,3
0_not_hotdog,0_not_hotdog/00935.jpg,0,3
0_not_hotdog,0_not_hotdog/00936.jpg,0,2
0_not_hotdog,0_not_hotdog/00937.jpg,0,1
0_not_hotdog,0_not_hotdog/00938.jpg,0,1
0_not_hotdog,0_not_hotdog/00940.jpg,0,2
0_not_hotdog,0_not_hotdog/00941.jpg,0,1
0_not_hotdog,0_not_hotdog/00942.jpg,0,3
0_not_hotdog,0_not_hotdog/00944.jpg,0,3
0_not_hotdog,0_not_hotdog/00946.jpg,0,2
0_not_hotdog,0_not_hotdog/00947.jpg,0,3
0_not_hotdog,0_not_hotdog/00948.jpg,0,0
0_not_hotdog,0_not_hotdog/00949.jpg,0,1
0_not_hotdog,0_not_hotdog/00950.jpg,0,3
0_not_hotdog,0_not_hotdog/00951.jpg,0,2
0_not_hotdog,0_not_hotdog/00952.jpg,0,0
0_not_hotdog,0_not_hotdog/00953.jpg,0,1
0_not_hotdog,0_not_hotdog/00954.jpg,0,0
0_not_hotdog,0_not_hotdog/00956.jpg,0,0
0_not_hotdog,0_not_hotdog/00957.jpg,0,0
0_not_hotdog,0_not_hotdog/00958.jpg,0,0
0_not_hotdog,0_not_hotdog/00960.jpg,0,1
0_not_hotdog,0_not_hotdog/00961.jpg,0,1
0_not_hotdog,0_not_hotdog/00962.jpg,0,2
1_hotdog,1_hotdog/00001.jpg,1,2
1_hotdog,1_hotdog/00002.jpg,1,1
1_hotdog,1_hotdog/00003.jpg,1,2
1_hotdog,1_hotdog/00005.jpg,1,1
1_hotdog,1_hotdog/00006.jpg,1,3
1_hotdog,1_hotdog/00007.jpg,1,3
1_hotdog,1_hotdog/00008.jpg,1,2
1_hotdog,1_hotdog/00011.jpg,1,2
1_hotdog,1_hotdog/00013.jpg,1,2
1_hotdog,1_hotdog/00015.jpg,1,1
1_hotdog,1_hotdog/00016.jpg,1,2
1_hotdog,1_hotdog/00017.jpg,1,3
1_hotdog,1_hotdog/00018.jpg,1,3
1_hotdog,1_hotdog/00019.jpg,1,2
1_hotdog,1_hotdog/00020.jpg,1,0
1_hotdog,1_hotdog/00021.jpg,1,0
1_hotdog,1_hotdog/00023.jpg,1,0
1_hotdog,1_hotdog/00024.jpg,1,3
1_hotdog,1_hotdog/00026.jpg,1,2
1_hotdog,1_hotdog/00027.jpg,1,0
1_hotdog,1_hotdog/00028.jpg,1,3
1_hotdog,1_hotdog/00029.jpg,1,0
1_hotdog,1_hotdog/00030.jpg,1,0
1_hotdog,1_hotdog/00031.jpg,1,3
1_hotdog,1_hotdog/00032.jpg,1,0
1_hotdog,1_hotdog/00033.jpg,1,2
1_hotdog,1_hotdog/00034.jpg,1,0
1_hotdog,1_hotdog/00035.jpg,1,3
1_hotdog,1_hotdog/00036.jpg,1,1
1_hotdog,1_hotdog/00037.jpg,1,0
1_hotdog,1_hotdog/00039.jpg,1,2
1_hotdog,1_hotdog/00040.jpg,1,2
1_hotdog,1_hotdog/00042.jpg,1,0
1_hotdog,1_hotdog/00043.jpg,1,2
1_hotdog,1_hotdog/00044.jpg,1,1
1_hotdog,1_hotdog/00045.jpg,1,2
1_hotdog,1_hotdog/00047.jpg,1,0
1_hotdog,1_hotdog/00048.jpg,1,3
1_hotdog,1_hotdog/00049.jpg,1,0
1_hotdog,1_hotdog/00051.jpg,1,1
1_hotdog,1_hotdog/00052.jpg,1,2
1_hotdog,1_hotdog/00053.jpg,1,3
1_hotdog,1_hotdog/00054.jpg,1,3
1_hotdog,1_hotdog/00055.jpg,1,0
1_hotdog,1_hotdog/00056.jpg,1,2
1_hotdog,1_hotdog/00057.jpg,1,0
1_hotdog,1_hotdog/00058.jpg,1,2
1_hotdog,1_hotdog/00059.jpg,1,0
1_hotdog,1_hotdog/00060.jpg,1,2
1_hotdog,1_hotdog/00061.jpg,1,1
1_hotdog,1_hotdog/00062.jpg,1,3
1_hotdog,1_hotdog/00063.jpg,1,2
1_hotdog,1_hotdog/00064.jpg,1,1
1_hotdog,1_hotdog/00065.jpg,1,0
1_hotdog,1_hotdog/00066.jpg,1,3
1_hotdog,1_hotdog/00067.jpg,1,1
1_hotdog,1_hotdog/00069.jpg,1,0
1_hotdog,1_hotdog/00070.jpg,1,0
1_hotdog,1_hotdog/00071.jpg,1,1
1_hotdog,1_hotdog/00072.jpg,1,2
1_hotdog,1_hotdog/00073.jpg,1,1
1_hotdog,1_hotdog/00074.jpg,1,3
1_hotdog,1_hotdog/00075.jpg,1,2
1_hotdog,1_hotdog/00076.jpg,1,1
1_hotdog,1_hotdog/00078.jpg,1,0
1_hotdog,1_hotdog/00079.jpg,1,1
1_hotdog,1_hotdog/00080.jpg,1,2
1_hotdog,1_hotdog/00081.jpg,1,3
1_hotdog,1_hotdog/00082.jpg,1,0
1_hotdog,1_hotdog/00083.jpg,1,3
1_hotdog,1_hotdog/00084.jpg,1,3
1_hotdog,1_hotdog/00085.jpg,1,1
1_hotdog,1_hotdog/00086.jpg,1,3
1_hotdog,1_hotdog/00087.jpg,1,3
1_hotdog,1_hotdog/00090.jpg,1,0
1_hotdog,1_hotdog/00091.jpg,1,3
1_hotdog,1_hotdog/00092.jpg,1,1
1_hotdog,1_hotdog/00093.jpg,1,0
1_hotdog,1_hotdog/00095.jpg,1,3
1_hotdog,1_hotdog/00097.jpg,1,2
1_hotdog,1_hotdog/00098.jpg,1,1
1_hotdog,1_hotdog/00099.jpg,1,0
1_hotdog,1_hotdog/00100.jpg,1,2
1_hotdog,1_hotdog/00101.jpg,1,2
1_hotdog,1_hotdog/00102.jpg,1,1
1_hotdog,1_hotdog/00104.jpg,1,0
1_hotdog,1_hotdog/00106.jpg,1,1
1_hotdog,1_hotdog/00107.jpg,1,2
1_hotdog,1_hotdog/00108.jpg,1,2
1_hotdog,1_hotdog/00109.jpg,1,1
1_hotdog,1_hotdog/00110.jpg,1,2
1_hotdog,1_hotdog/00111.jpg,1,3
1_hotdog,1_hotdog/00113.jpg,1,3
1_hotdog,1_hotdog/00114.jpg,1,2
1_hotdog,1_hotdog/00115.jpg,1,0
1_hotdog,1_hotdog/00116.jpg,1,3
1_hotdog,1_hotdog/00118.jpg,1,2
1_hotdog,1_hotdog/00119.jpg,1,3
1_hotdog,1_hotdog/00120.jpg,1,1
1_hotdog,1_hotdog/00121.jpg,1,2
1_hotdog,1_hotdog/00122.jpg,1,1
1_hotdog,1_hotdog/00123.jpg,1,1
1_hotdog,1_hotdog/00124.jpg,1,0
1_hotdog,1_hotdog/00125.jpg,1,1
1_hotdog,1_hotdog/00127.jpg,1,2
1_hotdog,1_hotdog/00128.jpg,1,2
1_hotdog,1_hotdog/00130.jpg,1,3
1_hotdog,1_hotdog/00134.jpg,1,0
1_hotdog,1_hotdog/00135.jpg,1,0
1_hotdog,1_hotdog/00137.jpg,1,0
1_hotdog,1_hotdog/00141.jpg,1,1
1_hotdog,1_hotdog/00143.jpg,1,3
1_hotdog,1_hotdog/00145.jpg,1,2
1_hotdog,1_hotdog/00146.jpg,1,3
1_hotdog,1_hotdog/00147.jpg,1,3
1_hotdog,1_hotdog/00148.jpg,1,2
1_hotdog,1_hotdog/00149.jpg,1,0
1_hotdog,1_hotdog/00150.jpg,1,3
1_hotdog,1_hotdog/00151.jpg,1,2
1_hotdog,1_hotdog/00152.jpg,1,2
1_hotdog,1_hotdog/00153.jpg,1,2
1_hotdog,1_hotdog/00154.jpg,1,0
1_hotdog,1_hotdog/00155.jpg,1,3
1_hotdog,1_hotdog/00157.jpg,1,2
1_hotdog,1_hotdog/00159.jpg,1,1
1_hotdog,1_hotdog/00160.jpg,1,3
1_hotdog,1_hotdog/00161.jpg,1,3
1_hotdog,1_hotdog/00162.jpg,1,0
1_hotdog,1_hotdog/00163.jpg,1,2
1_hotdog,1_hotdog/00165.jpg,1,3
1_hotdog,1_hotdog/00166.jpg,1,0
1_hotdog,1_hotdog/00168.jpg,1,0
1_hotdog,1_hotdog/00169.jpg,1,1
1_hotdog,1_hotdog/00170.jpg,1,1
1_hotdog,1_hotdog/00173.jpg,1,1
1_hotdog,1_hotdog/00174.jpg,1,3
1_hotdog,1_hotdog/00175.jpg,1,1
1_hotdog,1_hotdog/00176.jpg,1,3
1_hotdog,1_hotdog/00177.jpg,1,3
1_hotdog,1_hotdog/00179.jpg,1,3
1_hotdog,1_hotdog/00180.jpg,1,2
1_hotdog,1_hotdog/00181.jpg,1,3
1_hotdog,1_hotdog/00182.jpg,1,1
1_hotdog,1_hotdog/00183.jpg,1,1
1_hotdog,1_hotdog/00184.jpg,1,1
1_hotdog,1_hotdog/00185.jpg,1,1
1_hotdog,1_hotdog/00186.jpg,1,2
1_hotdog,1_hotdog/00187.jpg,1,3
1_hotdog,1_hotdog/00188.jpg,1,1
1_hotdog,1_hotdog/00189.jpg,1,2
1_hotdog,1_hotdog/00190.jpg,1,0
1_hotdog,1_hotdog/00191.jpg,1,0
1_hotdog,1_hotdog/00192.jpg,1,2
1_hotdog,1_hotdog/00193.jpg,1,3
1_hotdog,1_hotdog/00194.jpg,1,2
1_hotdog,1_hotdog/00196.jpg,1,2
1_hotdog,1_hotdog/00198.jpg,1,1
1_hotdog,1_hotdog/00199.jpg,1,1
1_hotdog,1_hotdog/00200.jpg,1,2
1_hotdog,1_hotdog/00201.jpg,1,3
1_hotdog,1_hotdog/00202.jpg,1,1
1_hotdog,1_hotdog/00203.jpg,1,1
1_hotdog,1_hotdog/00204.jpg,1,0
1_hotdog,1_hotdog/00205.jpg,1,1
1_hotdog,1_hotdog/00206.jpg,1,0
1_hotdog,1_hotdog/00207.jpg,1,0
1_hotdog,1_hotdog/00208.jpg,1,2
1_hotdog,1_hotdog/00210.jpg,1,1
1_hotdog,1_hotdog/00211.jpg,1,0
1_hotdog,1_hotdog/00212.jpg,1,1
1_hotdog,1_hotdog/00213.jpg,1,1
1_hotdog,1_hotdog/00214.jpg,1,3
1_hotdog,1_hotdog/00216.jpg,1,2
1_hotdog,1_hotdog/00218.jpg,1,2
1_hotdog,1_hotdog/00219.jpg,1,0
1_hotdog,1_hotdog/00220.jpg,1,1
1_hotdog,1_hotdog/00221.jpg,1,3
1_hotdog,1_hotdog/00222.jpg,1,3
1_hotdog,1_hotdog/00223.jpg,1,2
1_hotdog,1_hotdog/00225.jpg,1,2
1_hotdog,1_hotdog/00226.jpg,1,2
1_hotdog,1_hotdog/00229.jpg,1,0
1_hotdog,1_hotdog/00231.jpg,1,2
1_hotdog,1_hotdog/00232.jpg,1,1
1_hotdog,1_hotdog/00233.jpg,1,2
1_hotdog,1_hotdog/00234.jpg,1,2
1_hotdog,1_hotdog/00236.jpg,1,2
1_hotdog,1_hotdog/00237.jpg,1,0
1_hotdog,1_hotdog/00238.jpg,1,3
1_hotdog,1_hotdog/00239.jpg,1,1
1_hotdog,1_hotdog/00240.jpg,1,0
1_hotdog,1_hotdog/00241.jpg,1,0
1_hotdog,1_hotdog/00242.jpg,1,0
1_hotdog,1_hotdog/00243.jpg,1,3
1_hotdog,1_hotdog/00244.jpg,1,1
1_hotdog,1_hotdog/00245.jpg,1,2
1_hotdog,1_hotdog/00246.jpg,1,3
1_hotdog,1_hotdog/00247.jpg,1,0
1_hotdog,1_hotdog/00248.jpg,1,3
1_hotdog,1_hotdog/00249.jpg,1,2
1_hotdog,1_hotdog/00250.jpg,1,1
1_hotdog,1_hotdog/00251.jpg,1,0
1_hotdog,1_hotdog/00252.jpg,1,0
1_hotdog,1_hotdog/00254.jpg,1,3
1_hotdog,1_hotdog/00255.jpg,1,2
1_hotdog,1_hotdog/00256.jpg,1,3
1_hotdog,1_hotdog/00257.jpg,1,0
1_hotdog,1_hotdog/00259.jpg,1,1
1_hotdog,1_hotdog/00261.jpg,1,0
1_hotdog,1_hotdog/00262.jpg,1,3
1_hotdog,1_hotdog/00263.jpg,1,3
1_hotdog,1_hotdog/00264.jpg,1,1
1_hotdog,1_hotdog/00265.jpg,1,3
1_hotdog,1_hotdog/00266.jpg,1,2
1_hotdog,1_hotdog/00267.jpg,1,2
1_hotdog,1_hotdog/00268.jpg,1,0
1_hotdog,1_hotdog/00270.jpg,1,0
1_hotdog,1_hotdog/00271.jpg,1,1
1_hotdog,1_hotdog/00272.jpg,1,1
1_hotdog,1_hotdog/00273.jpg,1,1
1_hotdog,1_hotdog/00274.jpg,1,2
1_hotdog,1_hotdog/00275.jpg,1,0
1_hotdog,1_hotdog/00276.jpg,1,0
1_hotdog,1_hotdog/00277.jpg,1,2
1_hotdog,1_hotdog/00278.jpg,1,1
1_hotdog,1_hotdog/00279.jpg,1,2
1_hotdog,1_hotdog/00280.jpg,1,2
1_hotdog,1_hotdog/00281.jpg,1,2
1_hotdog,1_hotdog/00283.jpg,1,0
1_hotdog,1_hotdog/00284.jpg,1,3
1_hotdog,1_hotdog/00285.jpg,1,3
1_hotdog,1_hotdog/00286.jpg,1,2
1_hotdog,1_hotdog/00287.jpg,1,3
1_hotdog,1_hotdog/00289.jpg,1,0
1_hotdog,1_hotdog/00292.jpg,1,2
1_hotdog,1_hotdog/00293.jpg,1,1
1_hotdog,1_hotdog/00296.jpg,1,3
1_hotdog,1_hotdog/00297.jpg,1,1
1_hotdog,1_hotdog/00298.jpg,1,1
1_hotdog,1_hotdog/00300.jpg,1,0
1_hotdog,1_hotdog/00302.jpg,1,2
1_hotdog,1_hotdog/00303.jpg,1,0
1_hotdog,1_hotdog/00304.jpg,1,3
1_hotdog,1_hotdog/00305.jpg,1,1
1_hotdog,1_hotdog/00306.jpg,1,2
1_hotdog,1_hotdog/00307.jpg,1,1
1_hotdog,1_hotdog/00308.jpg,1,3
1_hotdog,1_hotdog/00309.jpg,1,2
1_hotdog,1_hotdog/00310.jpg,1,3
1_hotdog,1_hotdog/00311.jpg,1,2
1_hotdog,1_hotdog/00312.jpg,1,3
1_hotdog,1_hotdog/00313.jpg,1,1
1_hotdog,1_hotdog/00314.jpg,1,0
1_hotdog,1_hotdog/00315.jpg,1,1
1_hotdog,1_hotdog/00316.jpg,1,0
1_hotdog,1_hotdog/00321.jpg,1,0
1_hotdog,1_hotdog/00322.jpg,1,3
1_hotdog,1_hotdog/00324.jpg,1,2
1_hotdog,1_hotdog/00326.jpg,1,3
1_hotdog,1_hotdog/00327.jpg,1,3
1_hotdog,1_hotdog/00329.jpg,1,3
1_hotdog,1_hotdog/00330.jpg,1,0
1_hotdog,1_hotdog/00331.jpg,1,1
1_hotdog,1_hotdog/00332.jpg,1,2
1_hotdog,1_hotdog/00334.jpg,1,1
1_hotdog,1_hotdog/00335.jpg,1,1
1_hotdog,1_hotdog/00336.jpg,1,1
1_hotdog,1_hotdog/00337.jpg,1,0
1_hotdog,1_hotdog/00338.jpg,1,1
1_hotdog,1_hotdog/00339.jpg,1,0
1_hotdog,1_hotdog/00340.jpg,1,2
1_hotdog,1_hotdog/00341.jpg,1,3
1_hotdog,1_hotdog/00342.jpg,1,0
1_hotdog,1_hotdog/00343.jpg,1,0
1_hotdog,1_hotdog/00344.jpg,1,1
1_hotdog,1_hotdog/00346.jpg,1,3
1_hotdog,1_hotdog/00347.jpg,1,1
1_hotdog,1_hotdog/00349.jpg,1,1
1_hotdog,1_hotdog/00350.jpg,1,1
1_hotdog,1_hotdog/00351.jpg,1,2
1_hotdog,1_hotdog/00352.jpg,1,1
1_hotdog,1_hotdog/00353.jpg,1,0
1_hotdog,1_hotdog/00354.jpg,1,2
1_hotdog,1_hotdog/00356.jpg,1,1
1_hotdog,1_hotdog/00357.jpg,1,0
1_hotdog,1_hotdog/00358.jpg,1,3
1_hotdog,1_hotdog/00359.jpg,1,3
1_hotdog,1_hotdog/00360.jpg,1,3
1_hotdog,1_hotdog/00361.jpg,1,0
1_hotdog,1_hotdog/00363.jpg,1,2
1_hotdog,1_hotdog/00364.jpg,1,2
1_hotdog,1_hotdog/00365.jpg,1,3
1_hotdog,1_hotdog/00366.jpg,1,0
1_hotdog,1_hotdog/00367.jpg,1,1
1_hotdog,1_hotdog/00368.jpg,1,2
1_hotdog,1_hotdog/00369.jpg,1,2
1_hotdog,1_hotdog/00370.jpg,1,3
1_hotdog,1_hotdog/00371.jpg,1,1
1_hotdog,1_hotdog/00372.jpg,1,2
1_hotdog,1_hotdog/00373.jpg,1,0
1_hotdog,1_hotdog/00374.jpg,1,0
1_hotdog,1_hotdog/00376.jpg,1,2
1_hotdog,1_hotdog/00379.jpg,1,3
1_hotdog,1_hotdog/00380.jpg,1,3
1_hotdog,1_hotdog/00381.jpg,1,1
1_hotdog,1_hotdog/00382.jpg,1,0
1_hotdog,1_hotdog/00383.jpg,1,2
1_hotdog,1_hotdog/00384.jpg,1,3
1_hotdog,1_hotdog/00385.jpg,1,3
1_hotdog,1_hotdog/00386.jpg,1,0
1_hotdog,1_hotdog/00387.jpg,1,2
1_hotdog,1_hotdog/00388.jpg,1,0
1_hotdog,1_hotdog/00389.jpg,1,1
1_hotdog,1_hotdog/00392.jpg,1,2
1_hotdog,1_hotdog/00393.jpg,1,0
1_hotdog,1_hotdog/00394.jpg,1,2
1_hotdog,1_hotdog/00396.jpg,1,2
1_hotdog,1_hotdog/00397.jpg,1,3
1_hotdog,1_hotdog/00398.jpg,1,1
1_hotdog,1_hotdog/00399.jpg,1,3
1_hotdog,1_hotdog/00400.jpg,1,1
1_hotdog,1_hotdog/00402.jpg,1,3
1_hotdog,1_hotdog/00403.jpg,1,2
1_hotdog,1_hotdog/00404.jpg,1,3
1_hotdog,1_hotdog/00405.jpg,1,2
1_hotdog,1_hotdog/00406.jpg,1,3
1_hotdog,1_hotdog/00407.jpg,1,0
1_hotdog,1_hotdog/00408.jpg,1,0
1_hotdog,1_hotdog/00411.jpg,1,0
1_hotdog,1_hotdog/00412.jpg,1,3
1_hotdog,1_hotdog/00413.jpg,1,1
1_hotdog,1_hotdog/00414.jpg,1,1
1_hotdog,1_hotdog/00415.jpg,1,0
1_hotdog,1_hotdog/00416.jpg,1,0
1_hotdog,1_hotdog/00417.jpg,1,3
1_hotdog,1_hotdog/00420.jpg,1,2
1_hotdog,1_hotdog/00422.jpg,1,1
1_hotdog,1_hotdog/00423.jpg,1,3
1_hotdog,1_hotdog/00424.jpg,1,2
1_hotdog,1_hotdog/00425.jpg,1,0
1_hotdog,1_hotdog/00426.jpg,1,1
1_hotdog,1_hotdog/00427.jpg,1,1
1_hotdog,1_hotdog/00428.jpg,1,3
1_hotdog,1_hotdog/00429.jpg,1,2
1_hotdog,1_hotdog/00430.jpg,1,3
1_hotdog,1_hotdog/00431.jpg,1,3
1_hotdog,1_hotdog/00432.jpg,1,0
1_hotdog,1_hotdog/00433.jpg,1,0
1_hotdog,1_hotdog/00435.jpg,1,3
1_hotdog,1_hotdog/00436.jpg,1,1
1_hotdog,1_hotdog/00437.jpg,1,0
1_hotdog,1_hotdog/00438.jpg,1,0
1_hotdog,1_hotdog/00439.jpg,1,1
1_hotdog,1_hotdog/00441.jpg,1,0
1_hotdog,1_hotdog/00442.jpg,1,3
1_hotdog,1_hotdog/00443.jpg,1,2
1_hotdog,1_hotdog/00444.jpg,1,0
1_hotdog,1_hotdog/00445.jpg,1,2
1_hotdog,1_hotdog/00446.jpg,1,1
1_hotdog,1_hotdog/00448.jpg,1,2
1_hotdog,1_hotdog/00449.jpg,1,0
1_hotdog,1_hotdog/00450.jpg,1,0
1_hotdog,1_hotdog/00451.jpg,1,1
1_hotdog,1_hotdog/00452.jpg,1,1
1_hotdog,1_hotdog/00453.jpg,1,2
1_hotdog,1_hotdog/00454.jpg,1,0
1_hotdog,1_hotdog/00455.jpg,1,1
1_hotdog,1_hotdog/00456.jpg,1,0
1_hotdog,1_hotdog/00457.jpg,1,3
1_hotdog,1_hotdog/00460.jpg,1,2
1_hotdog,1_hotdog/00461.jpg,1,3
1_hotdog,1_hotdog/00462.jpg,1,0
1_hotdog,1_hotdog/00463.jpg,1,1
1_hotdog,1_hotdog/00464.jpg,1,1
1_hotdog,1_hotdog/00465.jpg,1,0
1_hotdog,1_hotdog/00466.jpg,1,3
1_hotdog,1_hotdog/00467.jpg,1,1
1_hotdog,1_hotdog/00468.jpg,1,3
1_hotdog,1_hotdog/00469.jpg,1,2
1_hotdog,1_hotdog/00470.jpg,1,1
1_hotdog,1_hotdog/00471.jpg,1,0
1_hotdog,1_hotdog/00472.jpg,1,0
1_hotdog,1_hotdog/00473.jpg,1,1
1_hotdog,1_hotdog/00474.jpg,1,3
1_hotdog,1_hotdog/00475.jpg,1,3
1_hotdog,1_hotdog/00476.jpg,1,3
1_hotdog,1_hotdog/00478.jpg,1,2
1_hotdog,1_hotdog/00479.jpg,1,2
1_hotdog,1_hotdog/00480.jpg,1,0
1_hotdog,1_hotdog/00481.jpg,1,1
1_hotdog,1_hotdog/00482.jpg,1,1
1_hotdog,1_hotdog/00483.jpg,1,0
1_hotdog,1_hotdog/00484.jpg,1,1
1_hotdog,1_hotdog/00485.jpg,1,3
1_hotdog,1_hotdog/00486.jpg,1,2
1_hotdog,1_hotdog/00487.jpg,1,2
1_hotdog,1_hotdog/00488.jpg,1,3
1_hotdog,1_hotdog/00489.jpg,1,2
1_hotdog,1_hotdog/00490.jpg,1,3
1_hotdog,1_hotdog/00491.jpg,1,2
1_hotdog,1_hotdog/00492.jpg,1,0
1_hotdog,1_hotdog/00493.jpg,1,0
1_hotdog,1_hotdog/00494.jpg,1,0
1_hotdog,1_hotdog/00495.jpg,1,0
1_hotdog,1_hotdog/00496.jpg,1,2
1_hotdog,1_hotdog/00497.jpg,1,3
1_hotdog,1_hotdog/00498.jpg,1,2
1_hotdog,1_hotdog/00500.jpg,1,3
1_hotdog,1_hotdog/00501.jpg,1,0
1_hotdog,1_hotdog/00503.jpg,1,0
1_hotdog,1_hotdog/00504.jpg,1,3
1_hotdog,1_hotdog/00505.jpg,1,1
1_hotdog,1_hotdog/00506.jpg,1,1
1_hotdog,1_hotdog/00507.jpg,1,0
1_hotdog,1_hotdog/00508.jpg,1,1
1_hotdog,1_hotdog/00509.jpg,1,0
1_hotdog,1_hotdog/00511.jpg,1,3
1_hotdog,1_hotdog/00513.jpg,1,2
1_hotdog,1_hotdog/00514.jpg,1,3
1_hotdog,1_hotdog/00515.jpg,1,0
1_hotdog,1_hotdog/00517.jpg,1,3
1_hotdog,1_hotdog/00518.jpg,1,2
1_hotdog,1_hotdog/00519.jpg,1,1
1_hotdog,1_hotdog/00520.jpg,1,1
1_hotdog,1_hotdog/00522.jpg,1,1
1_hotdog,1_hotdog/00523.jpg,1,3
1_hotdog,1_hotdog/00524.jpg,1,2
1_hotdog,1_hotdog/00526.jpg,1,0
1_hotdog,1_hotdog/00527.jpg,1,1
1_hotdog,1_hotdog/00528.jpg,1,3
1_hotdog,1_hotdog/00529.jpg,1,0
1_hotdog,1_hotdog/00530.jpg,1,0
1_hotdog,1_hotdog/00532.jpg,1,3
1_hotdog,1_hotdog/00533.jpg,1,1
1_hotdog,1_hotdog/00534.jpg,1,3
1_hotdog,1_hotdog/00535.jpg,1,1
1_hotdog,1_hotdog/00536.jpg,1,3
1_hotdog,1_hotdog/00537.jpg,1,2
1_hotdog,1_hotdog/00538.jpg,1,3
1_hotdog,1_hotdog/00539.jpg,1,0
1_hotdog,1_hotdog/00540.jpg,1,1
1_hotdog,1_hotdog/00541.jpg,1,1
1_hotdog,1_hotdog/00542.jpg,1,3
1_hotdog,1_hotdog/00543.jpg,1,1
1_hotdog,1_hotdog/00544.jpg,1,1
1_hotdog,1_hotdog/00545.jpg,1,2
1_hotdog,1_hotdog/00547.jpg,1,0
1_hotdog,1_hotdog/00548.jpg,1,2
1_hotdog,1_hotdog/00550.jpg,1,3
1_hotdog,1_hotdog/00551.jpg,1,1
1_hotdog,1_hotdog/00552.jpg,1,2
1_hotdog,1_hotdog/00554.jpg,1,2
1_hotdog,1_hotdog/00555.jpg,1,1
1_hotdog,1_hotdog/00556.jpg,1,3
1_hotdog,1_hotdog/00557.jpg,1,0
1_hotdog,1_hotdog/00559.jpg,1,1
1_hotdog,1_hotdog/00560.jpg,1,1
1_hotdog,1_hotdog/00561.jpg,1,0
1_hotdog,1_hotdog/00562.jpg,1,0
1_hotdog,1_hotdog/00563.jpg,1,2
1_hotdog,1_hotdog/00564.jpg,1,2
1_hotdog,1_hotdog/00565.jpg,1,2
1_hotdog,1_hotdog/00566.jpg,1,2
1_hotdog,1_hotdog/00567.jpg,1,3
1_hotdog,1_hotdog/00568.jpg,1,0
1_hotdog,1_hotdog/00569.jpg,1,0
1_hotdog,1_hotdog/00570.jpg,1,0
1_hotdog,1_hotdog/00572.jpg,1,1
1_hotdog,1_hotdog/00575.jpg,1,3
1_hotdog,1_hotdog/00576.jpg,1,3
1_hotdog,1_hotdog/00577.jpg,1,1
1_hotdog,1_hotdog/00579.jpg,1,1
1_hotdog,1_hotdog/00581.jpg,1,3
1_hotdog,1_hotdog/00582.jpg,1,0
1_hotdog,1_hotdog/00583.jpg,1,2
1_hotdog,1_hotdog/00584.jpg,1,2
1_hotdog,1_hotdog/00585.jpg,1,0
1_hotdog,1_hotdog/00586.jpg,1,2
1_hotdog,1_hotdog/00588.jpg,1,0
1_hotdog,1_hotdog/00589.jpg,1,2
1_hotdog,1_hotdog/00590.jpg,1,0
1_hotdog,1_hotdog/00591.jpg,1,0
1_hotdog,1_hotdog/00592.jpg,1,2
1_hotdog,1_hotdog/00594.jpg,1,1
1_hotdog,1_hotdog/00596.jpg,1,2
1_hotdog,1_hotdog/00598.jpg,1,1
1_hotdog,1_hotdog/00599.jpg,1,1
1_hotdog,1_hotdog/00601.jpg,1,1
1_hotdog,1_hotdog/00602.jpg,1,0
1_hotdog,1_hotdog/00603.jpg,1,1
1_hotdog,1_hotdog/00604.jpg,1,1
1_hotdog,1_hotdog/00606.jpg,1,0
1_hotdog,1_hotdog/00608.jpg,1,2
1_hotdog,1_hotdog/00610.jpg,1,3
1_hotdog,1_hotdog/00611.jpg,1,1
1_hotdog,1_hotdog/00614.jpg,1,3
1_hotdog,1_hotdog/00616.jpg,1,2
1_hotdog,1_hotdog/00619.jpg,1,3
1_hotdog,1_hotdog/00620.jpg,1,1
1_hotdog,1_hotdog/00621.jpg,1,1
1_hotdog,1_hotdog/00622.jpg,1,3
1_hotdog,1_hotdog/00623.jpg,1,3
1_hotdog,1_hotdog/00624.jpg,1,2
1_hotdog,1_hotdog/00625.jpg,1,1
1_hotdog,1_hotdog/00626.jpg,1,2
1_hotdog,1_hotdog/00627.jpg,1,2
1_hotdog,1_hotdog/00628.jpg,1,1
1_hotdog,1_hotdog/00629.jpg,1,0
1_hotdog,1_hotdog/00630.jpg,1,1
1_hotdog,1_hotdog/00631.jpg,1,0
1_hotdog,1_hotdog/00632.jpg,1,1
1_hotdog,1_hotdog/00633.jpg,1,0
1_hotdog,1_hotdog/00635.jpg,1,0
1_hotdog,1_hotdog/00637.jpg,1,2
1_hotdog,1_hotdog/00639.jpg,1,2
1_hotdog,1_hotdog/00640.jpg,1,3
1_hotdog,1_hotdog/00642.jpg,1,1
1_hotdog,1_hotdog/00643.jpg,1,2
1_hotdog,1_hotdog/00645.jpg,1,3
1_hotdog,1_hotdog/00646.jpg,1,2
1_hotdog,1_hotdog/00647.jpg,1,0
1_hotdog,1_hotdog/00648.jpg,1,3
1_hotdog,1_hotdog/00650.jpg,1,1
1_hotdog,1_hotdog/00651.jpg,1,3
1_hotdog,1_hotdog/00652.jpg,1,3
1_hotdog,1_hotdog/00654.jpg,1,3
1_hotdog,1_hotdog/00655.jpg,1,3
1_hotdog,1_hotdog/00656.jpg,1,1
1_hotdog,1_hotdog/00657.jpg,1,1
1_hotdog,1_hotdog/00659.jpg,1,0
1_hotdog,1_hotdog/00660.jpg,1,2
1_hotdog,1_hotdog/00661.jpg,1,2
1_hotdog,1_hotdog/00662.jpg,1,3
1_hotdog,1_hotdog/00663.jpg,1,0
1_hotdog,1_hotdog/00664.jpg,1,1
1_hotdog,1_hotdog/00665.jpg,1,0
1_hotdog,1_hotdog/00666.jpg,1,1
1_hotdog,1_hotdog/00667.jpg,1,3
1_hotdog,1_hotdog/00668.jpg,1,3
1_hotdog,1_hotdog/00671.jpg,1,2
1_hotdog,1_hotdog/00673.jpg,1,0
1_hotdog,1_hotdog/00675.jpg,1,3
1_hotdog,1_hotdog/00676.jpg,1,3
1_hotdog,1_hotdog/00677.jpg,1,0
1_hotdog,1_hotdog/00678.jpg,1,0
1_hotdog,1_hotdog/00679.jpg,1,2
1_hotdog,1_hotdog/00680.jpg,1,1
1_hotdog,1_hotdog/00681.jpg,1,2
1_hotdog,1_hotdog/00682.jpg,1,2
1_hotdog,1_hotdog/00684.jpg,1,1
1_hotdog,1_hotdog/00686.jpg,1,0
1_hotdog,1_hotdog/00687.jpg,1,1
1_hotdog,1_hotdog/00688.jpg,1,0
1_hotdog,1_hotdog/00691.jpg,1,1
1_hotdog,1_hotdog/00692.jpg,1,0
1_hotdog,1_hotdog/00693.jpg,1,3
1_hotdog,1_hotdog/00694.jpg,1,3
1_hotdog,1_hotdog/00695.jpg,1,1
1_hotdog,1_hotdog/00696.jpg,1,3
1_hotdog,1_hotdog/00697.jpg,1,3
1_hotdog,1_hotdog/00701.jpg,1,2
1_hotdog,1_hotdog/00702.jpg,1,1
1_hotdog,1_hotdog/00703.jpg,1,0
1_hotdog,1_hotdog/00704.jpg,1,2
1_hotdog,1_hotdog/00705.jpg,1,3
1_hotdog,1_hotdog/00706.jpg,1,1
1_hotdog,1_hotdog/00707.jpg,1,0
