tag,filepath
hotdog,hotdog/00000.jpg
hotdog,hotdog/00001.jpg
hotdog,hotdog/00002.jpg
hotdog,hotdog/00003.jpg
hotdog,hotdog/00004.jpg
hotdog,hotdog/00005.jpg
hotdog,hotdog/00006.jpg
hotdog,hotdog/00007.jpg
hotdog,hotdog/00008.jpg
hotdog,hotdog/00009.jpg
hotdog,hotdog/00010.jpg
hotdog,hotdog/00011.jpg
hotdog,hotdog/00012.jpg
hotdog,hotdog/00013.jpg
hotdog,hotdog/00014.jpg
hotdog,hotdog/00015.jpg
hotdog,hotdog/00016.jpg
hotdog,hotdog/00017.jpg
hotdog,hotdog/00018.jpg
hotdog,hotdog/00019.jpg
hotdog,hotdog/00020.jpg
hotdog,hotdog/00021.jpg
hotdog,hotdog/00022.jpg
hotdog,hotdog/00023.jpg
hotdog,hotdog/00024.jpg
hotdog,hotdog/00025.jpg
hotdog,hotdog/00026.jpg
hotdog,hotdog/00027.jpg
hotdog,hotdog/00028.jpg
hotdog,hotdog/00029.jpg
hotdog,hotdog/00030.jpg
hotdog,hotdog/00031.jpg
hotdog,hotdog/00032.jpg
hotdog,hotdog/00033.jpg
hotdog,hotdog/00034.jpg
hotdog,hotdog/00035.jpg
hotdog,hotdog/00036.jpg
hotdog,hotdog/00037.jpg
hotdog,hotdog/00038.jpg
hotdog,hotdog/00039.jpg
hotdog,hotdog/00040.jpg
hotdog,hotdog/00041.jpg
hotdog,hotdog/00042.jpg
hotdog,hotdog/00043.jpg
hotdog,hotdog/00044.jpg
hotdog,hotdog/00045.jpg
hotdog,hotdog/00046.jpg
hotdog,hotdog/00047.jpg
hotdog,hotdog/00048.jpg
hotdog,hotdog/00049.jpg
hotdog,hotdog/00050.jpg
hotdog,hotdog/00051.jpg
hotdog,hotdog/00052.jpg
hotdog,hotdog/00053.jpg
hotdog,hotdog/00054.jpg
hotdog,hotdog/00055.jpg
hotdog,hotdog/00056.jpg
hotdog,hotdog/00057.jpg
hotdog,hotdog/00058.jpg
hotdog,hotdog/00059.jpg
hotdog,hotdog/00060.jpg
hotdog,hotdog/00061.jpg
hotdog,hotdog/00062.jpg
hotdog,hotdog/00063.jpg
hotdog,hotdog/00064.jpg
hotdog,hotdog/00065.jpg
hotdog,hotdog/00066.jpg
hotdog,hotdog/00067.jpg
hotdog,hotdog/00068.jpg
hotdog,hotdog/00069.jpg
hotdog,hotdog/00070.jpg
hotdog,hotdog/00071.jpg
hotdog,hotdog/00072.jpg
hotdog,hotdog/00073.jpg
hotdog,hotdog/00074.jpg
hotdog,hotdog/00075.jpg
hotdog,hotdog/00076.jpg
hotdog,hotdog/00077.jpg
hotdog,hotdog/00078.jpg
hotdog,hotdog/00079.jpg
hotdog,hotdog/00080.jpg
hotdog,hotdog/00081.jpg
hotdog,hotdog/00082.jpg
hotdog,hotdog/00083.jpg
hotdog,hotdog/00084.jpg
hotdog,hotdog/00085.jpg
hotdog,hotdog/00086.jpg
hotdog,hotdog/00087.jpg
hotdog,hotdog/00088.jpg
hotdog,hotdog/00089.jpg
hotdog,hotdog/00090.jpg
hotdog,hotdog/00091.jpg
hotdog,hotdog/00092.jpg
hotdog,hotdog/00093.jpg
hotdog,hotdog/00094.jpg
hotdog,hotdog/00095.jpg
hotdog,hotdog/00096.jpg
hotdog,hotdog/00097.jpg
hotdog,hotdog/00098.jpg
hotdog,hotdog/00099.jpg
hotdog,hotdog/00100.jpg
hotdog,hotdog/00101.jpg
hotdog,hotdog/00102.jpg
hotdog,hotdog/00103.jpg
hotdog,hotdog/00104.jpg
hotdog,hotdog/00105.jpg
hotdog,hotdog/00106.jpg
hotdog,hotdog/00107.jpg
hotdog,hotdog/00108.jpg
hotdog,hotdog/00109.jpg
hotdog,hotdog/00110.jpg
hotdog,hotdog/00111.jpg
hotdog,hotdog/00112.jpg
hotdog,hotdog/00113.jpg
hotdog,hotdog/00114.jpg
hotdog,hotdog/00115.jpg
hotdog,hotdog/00116.jpg
hotdog,hotdog/00117.jpg
hotdog,hotdog/00118.jpg
hotdog,hotdog/00119.jpg
hotdog,hotdog/00120.jpg
hotdog,hotdog/00121.jpg
hotdog,hotdog/00122.jpg
hotdog,hotdog/00123.jpg
hotdog,hotdog/00124.jpg
hotdog,hotdog/00125.jpg
hotdog,hotdog/00126.jpg
hotdog,hotdog/00127.jpg
hotdog,hotdog/00128.jpg
hotdog,hotdog/00129.jpg
hotdog,hotdog/00130.jpg
hotdog,hotdog/00131.jpg
hotdog,hotdog/00132.jpg
hotdog,hotdog/00133.jpg
hotdog,hotdog/00134.jpg
hotdog,hotdog/00135.jpg
hotdog,hotdog/00136.jpg
hotdog,hotdog/00137.jpg
hotdog,hotdog/00138.jpg
hotdog,hotdog/00139.jpg
hotdog,hotdog/00140.jpg
hotdog,hotdog/00141.jpg
hotdog,hotdog/00142.jpg
hotdog,hotdog/00143.jpg
hotdog,hotdog/00144.jpg
hotdog,hotdog/00145.jpg
hotdog,hotdog/00146.jpg
hotdog,hotdog/00147.jpg
hotdog,hotdog/00148.jpg
hotdog,hotdog/00149.jpg
hotdog,hotdog/00150.jpg
hotdog,hotdog/00151.jpg
hotdog,hotdog/00152.jpg
hotdog,hotdog/00153.jpg
hotdog,hotdog/00154.jpg
hotdog,hotdog/00155.jpg
hotdog,hotdog/00156.jpg
hotdog,hotdog/00157.jpg
hotdog,hotdog/00158.jpg
hotdog,hotdog/00159.jpg
hotdog,hotdog/00160.jpg
hotdog,hotdog/00161.jpg
hotdog,hotdog/00162.jpg
hotdog,hotdog/00163.jpg
hotdog,hotdog/00164.jpg
hotdog,hotdog/00165.jpg
hotdog,hotdog/00166.jpg
hotdog,hotdog/00167.jpg
hotdog,hotdog/00168.jpg
hotdog,hotdog/00169.jpg
hotdog,hotdog/00170.jpg
hotdog,hotdog/00171.jpg
hotdog,hotdog/00172.jpg
hotdog,hotdog/00173.jpg
hotdog,hotdog/00174.jpg
hotdog,hotdog/00175.jpg
hotdog,hotdog/00176.jpg
hotdog,hotdog/00177.jpg
hotdog,hotdog/00178.jpg
hotdog,hotdog/00179.jpg
hotdog,hotdog/00180.jpg
hotdog,hotdog/00181.jpg
hotdog,hotdog/00182.jpg
hotdog,hotdog/00183.jpg
hotdog,hotdog/00184.jpg
hotdog,hotdog/00185.jpg
hotdog,hotdog/00186.jpg
hotdog,hotdog/00187.jpg
hotdog,hotdog/00188.jpg
hotdog,hotdog/00189.jpg
hotdog,hotdog/00190.jpg
hotdog,hotdog/00191.jpg
hotdog,hotdog/00192.jpg
hotdog,hotdog/00193.jpg
hotdog,hotdog/00194.jpg
hotdog,hotdog/00195.jpg
hotdog,hotdog/00196.jpg
hotdog,hotdog/00197.jpg
hotdog,hotdog/00198.jpg
hotdog,hotdog/00199.jpg
hotdog,hotdog/00200.jpg
hotdog,hotdog/00201.jpg
hotdog,hotdog/00202.jpg
hotdog,hotdog/00203.jpg
hotdog,hotdog/00204.jpg
hotdog,hotdog/00205.jpg
hotdog,hotdog/00206.jpg
hotdog,hotdog/00207.jpg
hotdog,hotdog/00208.jpg
hotdog,hotdog/00209.jpg
hotdog,hotdog/00210.jpg
hotdog,hotdog/00211.jpg
hotdog,hotdog/00212.jpg
hotdog,hotdog/00213.jpg
hotdog,hotdog/00214.jpg
hotdog,hotdog/00215.jpg
hotdog,hotdog/00216.jpg
hotdog,hotdog/00217.jpg
hotdog,hotdog/00218.jpg
hotdog,hotdog/00219.jpg
hotdog,hotdog/00220.jpg
hotdog,hotdog/00221.jpg
hotdog,hotdog/00222.jpg
hotdog,hotdog/00223.jpg
hotdog,hotdog/00224.jpg
hotdog,hotdog/00225.jpg
hotdog,hotdog/00226.jpg
hotdog,hotdog/00227.jpg
hotdog,hotdog/00228.jpg
hotdog,hotdog/00229.jpg
hotdog,hotdog/00230.jpg
hotdog,hotdog/00231.jpg
hotdog,hotdog/00232.jpg
hotdog,hotdog/00233.jpg
hotdog,hotdog/00234.jpg
hotdog,hotdog/00235.jpg
hotdog,hotdog/00236.jpg
hotdog,hotdog/00237.jpg
hotdog,hotdog/00238.jpg
hotdog,hotdog/00239.jpg
hotdog,hotdog/00240.jpg
hotdog,hotdog/00241.jpg
hotdog,hotdog/00242.jpg
hotdog,hotdog/00243.jpg
hotdog,hotdog/00244.jpg
hotdog,hotdog/00245.jpg
hotdog,hotdog/00246.jpg
hotdog,hotdog/00247.jpg
hotdog,hotdog/00248.jpg
hotdog,hotdog/00249.jpg
hotdog,hotdog/00250.jpg
hotdog,hotdog/00251.jpg
hotdog,hotdog/00252.jpg
hotdog,hotdog/00253.jpg
hotdog,hotdog/00254.jpg
hotdog,hotdog/00255.jpg
hotdog,hotdog/00256.jpg
hotdog,hotdog/00257.jpg
hotdog,hotdog/00258.jpg
hotdog,hotdog/00259.jpg
hotdog,hotdog/00260.jpg
hotdog,hotdog/00261.jpg
hotdog,hotdog/00262.jpg
hotdog,hotdog/00263.jpg
hotdog,hotdog/00264.jpg
hotdog,hotdog/00265.jpg
hotdog,hotdog/00266.jpg
hotdog,hotdog/00267.jpg
hotdog,hotdog/00268.jpg
hotdog,hotdog/00269.jpg
hotdog,hotdog/00270.jpg
hotdog,hotdog/00271.jpg
hotdog,hotdog/00272.jpg
hotdog,hotdog/00273.jpg
hotdog,hotdog/00274.jpg
hotdog,hotdog/00275.jpg
hotdog,hotdog/00276.jpg
hotdog,hotdog/00277.jpg
hotdog,hotdog/00278.jpg
hotdog,hotdog/00279.jpg
hotdog,hotdog/00280.jpg
hotdog,hotdog/00281.jpg
hotdog,hotdog/00282.jpg
hotdog,hotdog/00283.jpg
hotdog,hotdog/00284.jpg
hotdog,hotdog/00285.jpg
hotdog,hotdog/00286.jpg
hotdog,hotdog/00287.jpg
hotdog,hotdog/00288.jpg
hotdog,hotdog/00289.jpg
hotdog,hotdog/00290.jpg
hotdog,hotdog/00291.jpg
hotdog,hotdog/00292.jpg
hotdog,hotdog/00293.jpg
hotdog,hotdog/00294.jpg
hotdog,hotdog/00295.jpg
hotdog,hotdog/00296.jpg
hotdog,hotdog/00297.jpg
hotdog,hotdog/00298.jpg
hotdog,hotdog/00299.jpg
hotdog,hotdog/00300.jpg
hotdog,hotdog/00301.jpg
hotdog,hotdog/00302.jpg
hotdog,hotdog/00303.jpg
hotdog,hotdog/00304.jpg
hotdog,hotdog/00305.jpg
hotdog,hotdog/00306.jpg
hotdog,hotdog/00307.jpg
hotdog,hotdog/00308.jpg
hotdog,hotdog/00309.jpg
hotdog,hotdog/00310.jpg
hotdog,hotdog/00311.jpg
hotdog,hotdog/00312.jpg
hotdog,hotdog/00313.jpg
hotdog,hotdog/00314.jpg
hotdog,hotdog/00315.jpg
hotdog,hotdog/00316.jpg
hotdog,hotdog/00317.jpg
hotdog,hotdog/00318.jpg
hotdog,hotdog/00319.jpg
hotdog,hotdog/00320.jpg
hotdog,hotdog/00321.jpg
hotdog,hotdog/00322.jpg
hotdog,hotdog/00323.jpg
hotdog,hotdog/00324.jpg
hotdog,hotdog/00325.jpg
hotdog,hotdog/00326.jpg
hotdog,hotdog/00327.jpg
hotdog,hotdog/00328.jpg
hotdog,hotdog/00329.jpg
hotdog,hotdog/00330.jpg
hotdog,hotdog/00331.jpg
hotdog,hotdog/00332.jpg
hotdog,hotdog/00333.jpg
hotdog,hotdog/00334.jpg
hotdog,hotdog/00335.jpg
hotdog,hotdog/00336.jpg
hotdog,hotdog/00337.jpg
hotdog,hotdog/00338.jpg
hotdog,hotdog/00339.jpg
hotdog,hotdog/00340.jpg
hotdog,hotdog/00341.jpg
hotdog,hotdog/00342.jpg
hotdog,hotdog/00343.jpg
hotdog,hotdog/00344.jpg
hotdog,hotdog/00345.jpg
hotdog,hotdog/00346.jpg
hotdog,hotdog/00347.jpg
hotdog,hotdog/00348.jpg
hotdog,hotdog/00349.jpg
hotdog,hotdog/00350.jpg
hotdog,hotdog/00351.jpg
hotdog,hotdog/00352.jpg
hotdog,hotdog/00353.jpg
hotdog,hotdog/00354.jpg
hotdog,hotdog/00355.jpg
hotdog,hotdog/00356.jpg
hotdog,hotdog/00357.jpg
hotdog,hotdog/00358.jpg
hotdog,hotdog/00359.jpg
hotdog,hotdog/00360.jpg
hotdog,hotdog/00361.jpg
hotdog,hotdog/00362.jpg
hotdog,hotdog/00363.jpg
hotdog,hotdog/00364.jpg
hotdog,hotdog/00365.jpg
hotdog,hotdog/00366.jpg
hotdog,hotdog/00367.jpg
hotdog,hotdog/00368.jpg
hotdog,hotdog/00369.jpg
hotdog,hotdog/00370.jpg
hotdog,hotdog/00371.jpg
hotdog,hotdog/00372.jpg
hotdog,hotdog/00373.jpg
hotdog,hotdog/00374.jpg
hotdog,hotdog/00375.jpg
hotdog,hotdog/00376.jpg
hotdog,hotdog/00377.jpg
hotdog,hotdog/00378.jpg
hotdog,hotdog/00379.jpg
hotdog,hotdog/00380.jpg
hotdog,hotdog/00381.jpg
hotdog,hotdog/00382.jpg
hotdog,hotdog/00383.jpg
hotdog,hotdog/00384.jpg
hotdog,hotdog/00385.jpg
hotdog,hotdog/00386.jpg
hotdog,hotdog/00387.jpg
hotdog,hotdog/00388.jpg
hotdog,hotdog/00389.jpg
hotdog,hotdog/00390.jpg
hotdog,hotdog/00391.jpg
hotdog,hotdog/00392.jpg
hotdog,hotdog/00393.jpg
hotdog,hotdog/00394.jpg
hotdog,hotdog/00395.jpg
hotdog,hotdog/00396.jpg
hotdog,hotdog/00397.jpg
hotdog,hotdog/00398.jpg
hotdog,hotdog/00399.jpg
hotdog,hotdog/00400.jpg
hotdog,hotdog/00401.jpg
hotdog,hotdog/00402.jpg
hotdog,hotdog/00403.jpg
hotdog,hotdog/00404.jpg
hotdog,hotdog/00405.jpg
hotdog,hotdog/00406.jpg
hotdog,hotdog/00407.jpg
hotdog,hotdog/00408.jpg
hotdog,hotdog/00409.jpg
hotdog,hotdog/00410.jpg
hotdog,hotdog/00411.jpg
hotdog,hotdog/00412.jpg
hotdog,hotdog/00413.jpg
hotdog,hotdog/00414.jpg
hotdog,hotdog/00415.jpg
hotdog,hotdog/00416.jpg
hotdog,hotdog/00417.jpg
hotdog,hotdog/00418.jpg
hotdog,hotdog/00419.jpg
hotdog,hotdog/00420.jpg
hotdog,hotdog/00421.jpg
hotdog,hotdog/00422.jpg
hotdog,hotdog/00423.jpg
hotdog,hotdog/00424.jpg
hotdog,hotdog/00425.jpg
hotdog,hotdog/00426.jpg
hotdog,hotdog/00427.jpg
hotdog,hotdog/00428.jpg
hotdog,hotdog/00429.jpg
hotdog,hotdog/00430.jpg
hotdog,hotdog/00431.jpg
hotdog,hotdog/00432.jpg
hotdog,hotdog/00433.jpg
hotdog,hotdog/00434.jpg
hotdog,hotdog/00435.jpg
hotdog,hotdog/00436.jpg
hotdog,hotdog/00437.jpg
hotdog,hotdog/00438.jpg
hotdog,hotdog/00439.jpg
hotdog,hotdog/00440.jpg
hotdog,hotdog/00441.jpg
hotdog,hotdog/00442.jpg
hotdog,hotdog/00443.jpg
hotdog,hotdog/00444.jpg
hotdog,hotdog/00445.jpg
hotdog,hotdog/00446.jpg
hotdog,hotdog/00447.jpg
hotdog,hotdog/00448.jpg
hotdog,hotdog/00449.jpg
hotdog,hotdog/00450.jpg
hotdog,hotdog/00451.jpg
hotdog,hotdog/00452.jpg
hotdog,hotdog/00453.jpg
hotdog,hotdog/00454.jpg
hotdog,hotdog/00455.jpg
hotdog,hotdog/00456.jpg
hotdog,hotdog/00457.jpg
hotdog,hotdog/00458.jpg
hotdog,hotdog/00459.jpg
hotdog,hotdog/00460.jpg
hotdog,hotdog/00461.jpg
hotdog,hotdog/00462.jpg
hotdog,hotdog/00463.jpg
hotdog,hotdog/00464.jpg
hotdog,hotdog/00465.jpg
hotdog,hotdog/00466.jpg
hotdog,hotdog/00467.jpg
hotdog,hotdog/00468.jpg
hotdog,hotdog/00469.jpg
hotdog,hotdog/00470.jpg
hotdog,hotdog/00471.jpg
hotdog,hotdog/00472.jpg
hotdog,hotdog/00473.jpg
hotdog,hotdog/00474.jpg
hotdog,hotdog/00475.jpg
hotdog,hotdog/00476.jpg
hotdog,hotdog/00477.jpg
hotdog,hotdog/00478.jpg
hotdog,hotdog/00479.jpg
hotdog,hotdog/00480.jpg
hotdog,hotdog/00481.jpg
hotdog,hotdog/00482.jpg
hotdog,hotdog/00483.jpg
hotdog,hotdog/00484.jpg
hotdog,hotdog/00485.jpg
hotdog,hotdog/00486.jpg
hotdog,hotdog/00487.jpg
hotdog,hotdog/00488.jpg
hotdog,hotdog/00489.jpg
hotdog,hotdog/00490.jpg
hotdog,hotdog/00491.jpg
hotdog,hotdog/00492.jpg
hotdog,hotdog/00493.jpg
hotdog,hotdog/00494.jpg
hotdog,hotdog/00495.jpg
hotdog,hotdog/00496.jpg
hotdog,hotdog/00497.jpg
hotdog,hotdog/00498.jpg
hotdog,hotdog/00499.jpg
hotdog,hotdog/00500.jpg
hotdog,hotdog/00501.jpg
hotdog,hotdog/00502.jpg
hotdog,hotdog/00503.jpg
hotdog,hotdog/00504.jpg
hotdog,hotdog/00505.jpg
hotdog,hotdog/00506.jpg
hotdog,hotdog/00507.jpg
hotdog,hotdog/00508.jpg
hotdog,hotdog/00509.jpg
hotdog,hotdog/00510.jpg
hotdog,hotdog/00511.jpg
hotdog,hotdog/00512.jpg
hotdog,hotdog/00513.jpg
hotdog,hotdog/00514.jpg
hotdog,hotdog/00515.jpg
hotdog,hotdog/00516.jpg
hotdog,hotdog/00517.jpg
hotdog,hotdog/00518.jpg
hotdog,hotdog/00519.jpg
hotdog,hotdog/00520.jpg
hotdog,hotdog/00521.jpg
hotdog,hotdog/00522.jpg
hotdog,hotdog/00523.jpg
hotdog,hotdog/00524.jpg
hotdog,hotdog/00525.jpg
hotdog,hotdog/00526.jpg
hotdog,hotdog/00527.jpg
hotdog,hotdog/00528.jpg
hotdog,hotdog/00529.jpg
hotdog,hotdog/00530.jpg
hotdog,hotdog/00531.jpg
hotdog,hotdog/00532.jpg
hotdog,hotdog/00533.jpg
hotdog,hotdog/00534.jpg
hotdog,hotdog/00535.jpg
hotdog,hotdog/00536.jpg
hotdog,hotdog/00537.jpg
hotdog,hotdog/00538.jpg
hotdog,hotdog/00539.jpg
hotdog,hotdog/00540.jpg
hotdog,hotdog/00541.jpg
hotdog,hotdog/00542.jpg
hotdog,hotdog/00543.jpg
hotdog,hotdog/00544.jpg
hotdog,hotdog/00545.jpg
hotdog,hotdog/00546.jpg
hotdog,hotdog/00547.jpg
hotdog,hotdog/00548.jpg
hotdog,hotdog/00549.jpg
hotdog,hotdog/00550.jpg
hotdog,hotdog/00551.jpg
hotdog,hotdog/00552.jpg
hotdog,hotdog/00553.jpg
hotdog,hotdog/00554.jpg
hotdog,hotdog/00555.jpg
hotdog,hotdog/00556.jpg
hotdog,hotdog/00557.jpg
hotdog,hotdog/00558.jpg
hotdog,hotdog/00559.jpg
hotdog,hotdog/00560.jpg
hotdog,hotdog/00561.jpg
hotdog,hotdog/00562.jpg
hotdog,hotdog/00563.jpg
hotdog,hotdog/00564.jpg
hotdog,hotdog/00565.jpg
hotdog,hotdog/00566.jpg
hotdog,hotdog/00567.jpg
hotdog,hotdog/00568.jpg
hotdog,hotdog/00569.jpg
hotdog,hotdog/00570.jpg
hotdog,hotdog/00571.jpg
hotdog,hotdog/00572.jpg
hotdog,hotdog/00573.jpg
hotdog,hotdog/00574.jpg
hotdog,hotdog/00575.jpg
hotdog,hotdog/00576.jpg
hotdog,hotdog/00577.jpg
hotdog,hotdog/00578.jpg
hotdog,hotdog/00579.jpg
hotdog,hotdog/00580.jpg
hotdog,hotdog/00581.jpg
hotdog,hotdog/00582.jpg
hotdog,hotdog/00583.jpg
hotdog,hotdog/00584.jpg
hotdog,hotdog/00585.jpg
hotdog,hotdog/00586.jpg
hotdog,hotdog/00587.jpg
hotdog,hotdog/00588.jpg
hotdog,hotdog/00589.jpg
hotdog,hotdog/00590.jpg
hotdog,hotdog/00591.jpg
hotdog,hotdog/00592.jpg
hotdog,hotdog/00593.jpg
hotdog,hotdog/00594.jpg
hotdog,hotdog/00595.jpg
hotdog,hotdog/00596.jpg
hotdog,hotdog/00597.jpg
hotdog,hotdog/00598.jpg
hotdog,hotdog/00599.jpg
hotdog,hotdog/00600.jpg
hotdog,hotdog/00601.jpg
hotdog,hotdog/00602.jpg
hotdog,hotdog/00603.jpg
hotdog,hotdog/00604.jpg
hotdog,hotdog/00605.jpg
hotdog,hotdog/00606.jpg
hotdog,hotdog/00607.jpg
hotdog,hotdog/00608.jpg
hotdog,hotdog/00609.jpg
hotdog,hotdog/00610.jpg
hotdog,hotdog/00611.jpg
hotdog,hotdog/00612.jpg
hotdog,hotdog/00613.jpg
hotdog,hotdog/00614.jpg
hotdog,hotdog/00615.jpg
hotdog,hotdog/00616.jpg
hotdog,hotdog/00617.jpg
hotdog,hotdog/00618.jpg
hotdog,hotdog/00619.jpg
hotdog,hotdog/00620.jpg
hotdog,hotdog/00621.jpg
hotdog,hotdog/00622.jpg
hotdog,hotdog/00623.jpg
hotdog,hotdog/00624.jpg
hotdog,hotdog/00625.jpg
hotdog,hotdog/00626.jpg
hotdog,hotdog/00627.jpg
hotdog,hotdog/00628.jpg
hotdog,hotdog/00629.jpg
hotdog,hotdog/00630.jpg
hotdog,hotdog/00631.jpg
hotdog,hotdog/00632.jpg
hotdog,hotdog/00633.jpg
hotdog,hotdog/00634.jpg
hotdog,hotdog/00635.jpg
hotdog,hotdog/00636.jpg
hotdog,hotdog/00637.jpg
hotdog,hotdog/00638.jpg
hotdog,hotdog/00639.jpg
hotdog,hotdog/00640.jpg
hotdog,hotdog/00641.jpg
hotdog,hotdog/00642.jpg
hotdog,hotdog/00643.jpg
hotdog,hotdog/00644.jpg
hotdog,hotdog/00645.jpg
hotdog,hotdog/00646.jpg
hotdog,hotdog/00647.jpg
hotdog,hotdog/00648.jpg
hotdog,hotdog/00649.jpg
hotdog,hotdog/00650.jpg
hotdog,hotdog/00651.jpg
hotdog,hotdog/00652.jpg
hotdog,hotdog/00653.jpg
hotdog,hotdog/00654.jpg
hotdog,hotdog/00655.jpg
hotdog,hotdog/00656.jpg
hotdog,hotdog/00657.jpg
hotdog,hotdog/00658.jpg
hotdog,hotdog/00659.jpg
hotdog,hotdog/00660.jpg
hotdog,hotdog/00661.jpg
hotdog,hotdog/00662.jpg
hotdog,hotdog/00663.jpg
hotdog,hotdog/00664.jpg
hotdog,hotdog/00665.jpg
hotdog,hotdog/00666.jpg
hotdog,hotdog/00667.jpg
hotdog,hotdog/00668.jpg
hotdog,hotdog/00669.jpg
hotdog,hotdog/00670.jpg
hotdog,hotdog/00671.jpg
hotdog,hotdog/00672.jpg
hotdog,hotdog/00673.jpg
hotdog,hotdog/00674.jpg
hotdog,hotdog/00675.jpg
hotdog,hotdog/00676.jpg
hotdog,hotdog/00677.jpg
hotdog,hotdog/00678.jpg
hotdog,hotdog/00679.jpg
hotdog,hotdog/00680.jpg
hotdog,hotdog/00681.jpg
hotdog,hotdog/00682.jpg
hotdog,hotdog/00683.jpg
hotdog,hotdog/00684.jpg
hotdog,hotdog/00685.jpg
hotdog,hotdog/00686.jpg
hotdog,hotdog/00687.jpg
hotdog,hotdog/00688.jpg
hotdog,hotdog/00689.jpg
hotdog,hotdog/00690.jpg
hotdog,hotdog/00691.jpg
hotdog,hotdog/00692.jpg
hotdog,hotdog/00693.jpg
hotdog,hotdog/00694.jpg
hotdog,hotdog/00695.jpg
hotdog,hotdog/00696.jpg
hotdog,hotdog/00697.jpg
hotdog,hotdog/00698.jpg
hotdog,hotdog/00699.jpg
hotdog,hotdog/00700.jpg
hotdog,hotdog/00701.jpg
hotdog,hotdog/00702.jpg
hotdog,hotdog/00703.jpg
hotdog,hotdog/00704.jpg
hotdog,hotdog/00705.jpg
hotdog,hotdog/00706.jpg
hotdog,hotdog/00707.jpg
not_hotdog,not_hotdog/00000.jpg
not_hotdog,not_hotdog/00001.jpg
not_hotdog,not_hotdog/00002.jpg
not_hotdog,not_hotdog/00003.jpg
not_hotdog,not_hotdog/00004.jpg
not_hotdog,not_hotdog/00005.jpg
not_hotdog,not_hotdog/00006.jpg
not_hotdog,not_hotdog/00007.jpg
not_hotdog,not_hotdog/00008.jpg
not_hotdog,not_hotdog/00009.jpg
not_hotdog,not_hotdog/00010.jpg
not_hotdog,not_hotdog/00011.jpg
not_hotdog,not_hotdog/00012.jpg
not_hotdog,not_hotdog/00013.jpg
not_hotdog,not_hotdog/00014.jpg
not_hotdog,not_hotdog/00015.jpg
not_hotdog,not_hotdog/00016.jpg
not_hotdog,not_hotdog/00017.jpg
not_hotdog,not_hotdog/00018.jpg
not_hotdog,not_hotdog/00019.jpg
not_hotdog,not_hotdog/00020.jpg
not_hotdog,not_hotdog/00021.jpg
not_hotdog,not_hotdog/00022.jpg
not_hotdog,not_hotdog/00023.jpg
not_hotdog,not_hotdog/00024.jpg
not_hotdog,not_hotdog/00025.jpg
not_hotdog,not_hotdog/00026.jpg
not_hotdog,not_hotdog/00027.jpg
not_hotdog,not_hotdog/00028.jpg
not_hotdog,not_hotdog/00029.jpg
not_hotdog,not_hotdog/00030.jpg
not_hotdog,not_hotdog/00031.jpg
not_hotdog,not_hotdog/00032.jpg
not_hotdog,not_hotdog/00033.jpg
not_hotdog,not_hotdog/00034.jpg
not_hotdog,not_hotdog/00035.jpg
not_hotdog,not_hotdog/00036.jpg
not_hotdog,not_hotdog/00037.jpg
not_hotdog,not_hotdog/00038.jpg
not_hotdog,not_hotdog/00039.jpg
not_hotdog,not_hotdog/00040.jpg
not_hotdog,not_hotdog/00041.jpg
not_hotdog,not_hotdog/00042.jpg
not_hotdog,not_hotdog/00043.jpg
not_hotdog,not_hotdog/00044.jpg
not_hotdog,not_hotdog/00045.jpg
not_hotdog,not_hotdog/00046.jpg
not_hotdog,not_hotdog/00047.jpg
not_hotdog,not_hotdog/00048.jpg
not_hotdog,not_hotdog/00049.jpg
not_hotdog,not_hotdog/00050.jpg
not_hotdog,not_hotdog/00051.jpg
not_hotdog,not_hotdog/00052.jpg
not_hotdog,not_hotdog/00053.jpg
not_hotdog,not_hotdog/00054.jpg
not_hotdog,not_hotdog/00055.jpg
not_hotdog,not_hotdog/00056.jpg
not_hotdog,not_hotdog/00057.jpg
not_hotdog,not_hotdog/00058.jpg
not_hotdog,not_hotdog/00059.jpg
not_hotdog,not_hotdog/00060.jpg
not_hotdog,not_hotdog/00061.jpg
not_hotdog,not_hotdog/00062.jpg
not_hotdog,not_hotdog/00063.jpg
not_hotdog,not_hotdog/00064.jpg
not_hotdog,not_hotdog/00065.jpg
not_hotdog,not_hotdog/00066.jpg
not_hotdog,not_hotdog/00067.jpg
not_hotdog,not_hotdog/00068.jpg
not_hotdog,not_hotdog/00069.jpg
not_hotdog,not_hotdog/00070.jpg
not_hotdog,not_hotdog/00071.jpg
not_hotdog,not_hotdog/00072.jpg
not_hotdog,not_hotdog/00073.jpg
not_hotdog,not_hotdog/00074.jpg
not_hotdog,not_hotdog/00075.jpg
not_hotdog,not_hotdog/00076.jpg
not_hotdog,not_hotdog/00077.jpg
not_hotdog,not_hotdog/00078.jpg
not_hotdog,not_hotdog/00079.jpg
not_hotdog,not_hotdog/00080.jpg
not_hotdog,not_hotdog/00081.jpg
not_hotdog,not_hotdog/00082.jpg
not_hotdog,not_hotdog/00083.jpg
not_hotdog,not_hotdog/00084.jpg
not_hotdog,not_hotdog/00085.jpg
not_hotdog,not_hotdog/00086.jpg
not_hotdog,not_hotdog/00087.jpg
not_hotdog,not_hotdog/00088.jpg
not_hotdog,not_hotdog/00089.jpg
not_hotdog,not_hotdog/00090.jpg
not_hotdog,not_hotdog/00091.jpg
not_hotdog,not_hotdog/00092.jpg
not_hotdog,not_hotdog/00093.jpg
not_hotdog,not_hotdog/00094.jpg
not_hotdog,not_hotdog/00095.jpg
not_hotdog,not_hotdog/00096.jpg
not_hotdog,not_hotdog/00097.jpg
not_hotdog,not_hotdog/00098.jpg
not_hotdog,not_hotdog/00099.jpg
not_hotdog,not_hotdog/00100.jpg
not_hotdog,not_hotdog/00101.jpg
not_hotdog,not_hotdog/00102.jpg
not_hotdog,not_hotdog/00103.jpg
not_hotdog,not_hotdog/00104.jpg
not_hotdog,not_hotdog/00105.jpg
not_hotdog,not_hotdog/00106.jpg
not_hotdog,not_hotdog/00107.jpg
not_hotdog,not_hotdog/00108.jpg
not_hotdog,not_hotdog/00109.jpg
not_hotdog,not_hotdog/00110.jpg
not_hotdog,not_hotdog/00111.jpg
not_hotdog,not_hotdog/00112.jpg
not_hotdog,not_hotdog/00113.jpg
not_hotdog,not_hotdog/00114.jpg
not_hotdog,not_hotdog/00115.jpg
not_hotdog,not_hotdog/00116.jpg
not_hotdog,not_hotdog/00117.jpg
not_hotdog,not_hotdog/00118.jpg
not_hotdog,not_hotdog/00119.jpg
not_hotdog,not_hotdog/00120.jpg
not_hotdog,not_hotdog/00121.jpg
not_hotdog,not_hotdog/00122.jpg
not_hotdog,not_hotdog/00123.jpg
not_hotdog,not_hotdog/00124.jpg
not_hotdog,not_hotdog/00125.jpg
not_hotdog,not_hotdog/00126.jpg
not_hotdog,not_hotdog/00127.jpg
not_hotdog,not_hotdog/00128.jpg
not_hotdog,not_hotdog/00129.jpg
not_hotdog,not_hotdog/00130.jpg
not_hotdog,not_hotdog/00131.jpg
not_hotdog,not_hotdog/00132.jpg
not_hotdog,not_hotdog/00133.jpg
not_hotdog,not_hotdog/00134.jpg
not_hotdog,not_hotdog/00135.jpg
not_hotdog,not_hotdog/00136.jpg
not_hotdog,not_hotdog/00137.jpg
not_hotdog,not_hotdog/00138.jpg
not_hotdog,not_hotdog/00139.jpg
not_hotdog,not_hotdog/00140.jpg
not_hotdog,not_hotdog/00141.jpg
not_hotdog,not_hotdog/00142.jpg
not_hotdog,not_hotdog/00143.jpg
not_hotdog,not_hotdog/00144.jpg
not_hotdog,not_hotdog/00145.jpg
not_hotdog,not_hotdog/00146.jpg
not_hotdog,not_hotdog/00147.jpg
not_hotdog,not_hotdog/00148.jpg
not_hotdog,not_hotdog/00149.jpg
not_hotdog,not_hotdog/00150.jpg
not_hotdog,not_hotdog/00151.jpg
not_hotdog,not_hotdog/00152.jpg
not_hotdog,not_hotdog/00153.jpg
not_hotdog,not_hotdog/00154.jpg
not_hotdog,not_hotdog/00155.jpg
not_hotdog,not_hotdog/00156.jpg
not_hotdog,not_hotdog/00157.jpg
not_hotdog,not_hotdog/00158.jpg
not_hotdog,not_hotdog/00159.jpg
not_hotdog,not_hotdog/00160.jpg
not_hotdog,not_hotdog/00161.jpg
not_hotdog,not_hotdog/00162.jpg
not_hotdog,not_hotdog/00163.jpg
not_hotdog,not_hotdog/00164.jpg
not_hotdog,not_hotdog/00165.jpg
not_hotdog,not_hotdog/00166.jpg
not_hotdog,not_hotdog/00167.jpg
not_hotdog,not_hotdog/00168.jpg
not_hotdog,not_hotdog/00169.jpg
not_hotdog,not_hotdog/00170.jpg
not_hotdog,not_hotdog/00171.jpg
not_hotdog,not_hotdog/00172.jpg
not_hotdog,not_hotdog/00173.jpg
not_hotdog,not_hotdog/00174.jpg
not_hotdog,not_hotdog/00175.jpg
not_hotdog,not_hotdog/00176.jpg
not_hotdog,not_hotdog/00177.jpg
not_hotdog,not_hotdog/00178.jpg
not_hotdog,not_hotdog/00179.jpg
not_hotdog,not_hotdog/00180.jpg
not_hotdog,not_hotdog/00181.jpg
not_hotdog,not_hotdog/00182.jpg
not_hotdog,not_hotdog/00183.jpg
not_hotdog,not_hotdog/00184.jpg
not_hotdog,not_hotdog/00185.jpg
not_hotdog,not_hotdog/00186.jpg
not_hotdog,not_hotdog/00187.jpg
not_hotdog,not_hotdog/00188.jpg
not_hotdog,not_hotdog/00189.jpg
not_hotdog,not_hotdog/00190.jpg
not_hotdog,not_hotdog/00191.jpg
not_hotdog,not_hotdog/00192.jpg
not_hotdog,not_hotdog/00193.jpg
not_hotdog,not_hotdog/00194.jpg
not_hotdog,not_hotdog/00195.jpg
not_hotdog,not_hotdog/00196.jpg
not_hotdog,not_hotdog/00197.jpg
not_hotdog,not_hotdog/00198.jpg
not_hotdog,not_hotdog/00199.jpg
not_hotdog,not_hotdog/00200.jpg
not_hotdog,not_hotdog/00201.jpg
not_hotdog,not_hotdog/00202.jpg
not_hotdog,not_hotdog/00203.jpg
not_hotdog,not_hotdog/00204.jpg
not_hotdog,not_hotdog/00205.jpg
not_hotdog,not_hotdog/00206.jpg
not_hotdog,not_hotdog/00207.jpg
not_hotdog,not_hotdog/00208.jpg
not_hotdog,not_hotdog/00209.jpg
not_hotdog,not_hotdog/00210.jpg
not_hotdog,not_hotdog/00211.jpg
not_hotdog,not_hotdog/00212.jpg
not_hotdog,not_hotdog/00213.jpg
not_hotdog,not_hotdog/00214.jpg
not_hotdog,not_hotdog/00215.jpg
not_hotdog,not_hotdog/00216.jpg
not_hotdog,not_hotdog/00217.jpg
not_hotdog,not_hotdog/00218.jpg
not_hotdog,not_hotdog/00219.jpg
not_hotdog,not_hotdog/00220.jpg
not_hotdog,not_hotdog/00221.jpg
not_hotdog,not_hotdog/00222.jpg
not_hotdog,not_hotdog/00223.jpg
not_hotdog,not_hotdog/00224.jpg
not_hotdog,not_hotdog/00225.jpg
not_hotdog,not_hotdog/00226.jpg
not_hotdog,not_hotdog/00227.jpg
not_hotdog,not_hotdog/00228.jpg
not_hotdog,not_hotdog/00229.jpg
not_hotdog,not_hotdog/00230.jpg
not_hotdog,not_hotdog/00231.jpg
not_hotdog,not_hotdog/00232.jpg
not_hotdog,not_hotdog/00233.jpg
not_hotdog,not_hotdog/00234.jpg
not_hotdog,not_hotdog/00235.jpg
not_hotdog,not_hotdog/00236.jpg
not_hotdog,not_hotdog/00237.jpg
not_hotdog,not_hotdog/00238.jpg
not_hotdog,not_hotdog/00239.jpg
not_hotdog,not_hotdog/00240.jpg
not_hotdog,not_hotdog/00241.jpg
not_hotdog,not_hotdog/00242.jpg
not_hotdog,not_hotdog/00243.jpg
not_hotdog,not_hotdog/00244.jpg
not_hotdog,not_hotdog/00245.jpg
not_hotdog,not_hotdog/00246.jpg
not_hotdog,not_hotdog/00247.jpg
not_hotdog,not_hotdog/00248.jpg
not_hotdog,not_hotdog/00249.jpg
not_hotdog,not_hotdog/00250.jpg
not_hotdog,not_hotdog/00251.jpg
not_hotdog,not_hotdog/00252.jpg
not_hotdog,not_hotdog/00253.jpg
not_hotdog,not_hotdog/00254.jpg
not_hotdog,not_hotdog/00255.jpg
not_hotdog,not_hotdog/00256.jpg
not_hotdog,not_hotdog/00257.jpg
not_hotdog,not_hotdog/00258.jpg
not_hotdog,not_hotdog/00259.jpg
not_hotdog,not_hotdog/00260.jpg
not_hotdog,not_hotdog/00261.jpg
not_hotdog,not_hotdog/00262.jpg
not_hotdog,not_hotdog/00263.jpg
not_hotdog,not_hotdog/00264.jpg
not_hotdog,not_hotdog/00265.jpg
not_hotdog,not_hotdog/00266.jpg
not_hotdog,not_hotdog/00267.jpg
not_hotdog,not_hotdog/00268.jpg
not_hotdog,not_hotdog/00269.jpg
not_hotdog,not_hotdog/00270.jpg
not_hotdog,not_hotdog/00271.jpg
not_hotdog,not_hotdog/00272.jpg
not_hotdog,not_hotdog/00273.jpg
not_hotdog,not_hotdog/00274.jpg
not_hotdog,not_hotdog/00275.jpg
not_hotdog,not_hotdog/00276.jpg
not_hotdog,not_hotdog/00277.jpg
not_hotdog,not_hotdog/00278.jpg
not_hotdog,not_hotdog/00279.jpg
not_hotdog,not_hotdog/00280.jpg
not_hotdog,not_hotdog/00281.jpg
not_hotdog,not_hotdog/00282.jpg
not_hotdog,not_hotdog/00283.jpg
not_hotdog,not_hotdog/00284.jpg
not_hotdog,not_hotdog/00285.jpg
not_hotdog,not_hotdog/00286.jpg
not_hotdog,not_hotdog/00287.jpg
not_hotdog,not_hotdog/00288.jpg
not_hotdog,not_hotdog/00289.jpg
not_hotdog,not_hotdog/00290.jpg
not_hotdog,not_hotdog/00291.jpg
not_hotdog,not_hotdog/00292.jpg
not_hotdog,not_hotdog/00293.jpg
not_hotdog,not_hotdog/00294.jpg
not_hotdog,not_hotdog/00295.jpg
not_hotdog,not_hotdog/00296.jpg
not_hotdog,not_hotdog/00297.jpg
not_hotdog,not_hotdog/00298.jpg
not_hotdog,not_hotdog/00299.jpg
not_hotdog,not_hotdog/00300.jpg
not_hotdog,not_hotdog/00301.jpg
not_hotdog,not_hotdog/00302.jpg
not_hotdog,not_hotdog/00303.jpg
not_hotdog,not_hotdog/00304.jpg
not_hotdog,not_hotdog/00305.jpg
not_hotdog,not_hotdog/00306.jpg
not_hotdog,not_hotdog/00307.jpg
not_hotdog,not_hotdog/00308.jpg
not_hotdog,not_hotdog/00309.jpg
not_hotdog,not_hotdog/00310.jpg
not_hotdog,not_hotdog/00311.jpg
not_hotdog,not_hotdog/00312.jpg
not_hotdog,not_hotdog/00313.jpg
not_hotdog,not_hotdog/00314.jpg
not_hotdog,not_hotdog/00315.jpg
not_hotdog,not_hotdog/00316.jpg
not_hotdog,not_hotdog/00317.jpg
not_hotdog,not_hotdog/00318.jpg
not_hotdog,not_hotdog/00319.jpg
not_hotdog,not_hotdog/00320.jpg
not_hotdog,not_hotdog/00321.jpg
not_hotdog,not_hotdog/00322.jpg
not_hotdog,not_hotdog/00323.jpg
not_hotdog,not_hotdog/00324.jpg
not_hotdog,not_hotdog/00325.jpg
not_hotdog,not_hotdog/00326.jpg
not_hotdog,not_hotdog/00327.jpg
not_hotdog,not_hotdog/00328.jpg
not_hotdog,not_hotdog/00329.jpg
not_hotdog,not_hotdog/00330.jpg
not_hotdog,not_hotdog/00331.jpg
not_hotdog,not_hotdog/00332.jpg
not_hotdog,not_hotdog/00333.jpg
not_hotdog,not_hotdog/00334.jpg
not_hotdog,not_hotdog/00335.jpg
not_hotdog,not_hotdog/00336.jpg
not_hotdog,not_hotdog/00337.jpg
not_hotdog,not_hotdog/00338.jpg
not_hotdog,not_hotdog/00339.jpg
not_hotdog,not_hotdog/00340.jpg
not_hotdog,not_hotdog/00341.jpg
not_hotdog,not_hotdog/00342.jpg
not_hotdog,not_hotdog/00343.jpg
not_hotdog,not_hotdog/00344.jpg
not_hotdog,not_hotdog/00345.jpg
not_hotdog,not_hotdog/00346.jpg
not_hotdog,not_hotdog/00347.jpg
not_hotdog,not_hotdog/00348.jpg
not_hotdog,not_hotdog/00349.jpg
not_hotdog,not_hotdog/00350.jpg
not_hotdog,not_hotdog/00351.jpg
not_hotdog,not_hotdog/00352.jpg
not_hotdog,not_hotdog/00353.jpg
not_hotdog,not_hotdog/00354.jpg
not_hotdog,not_hotdog/00355.jpg
not_hotdog,not_hotdog/00356.jpg
not_hotdog,not_hotdog/00357.jpg
not_hotdog,not_hotdog/00358.jpg
not_hotdog,not_hotdog/00359.jpg
not_hotdog,not_hotdog/00360.jpg
not_hotdog,not_hotdog/00361.jpg
not_hotdog,not_hotdog/00362.jpg
not_hotdog,not_hotdog/00363.jpg
not_hotdog,not_hotdog/00364.jpg
not_hotdog,not_hotdog/00365.jpg
not_hotdog,not_hotdog/00366.jpg
not_hotdog,not_hotdog/00367.jpg
not_hotdog,not_hotdog/00368.jpg
not_hotdog,not_hotdog/00369.jpg
not_hotdog,not_hotdog/00370.jpg
not_hotdog,not_hotdog/00371.jpg
not_hotdog,not_hotdog/00372.jpg
not_hotdog,not_hotdog/00373.jpg
not_hotdog,not_hotdog/00374.jpg
not_hotdog,not_hotdog/00375.jpg
not_hotdog,not_hotdog/00376.jpg
not_hotdog,not_hotdog/00377.jpg
not_hotdog,not_hotdog/00378.jpg
not_hotdog,not_hotdog/00379.jpg
not_hotdog,not_hotdog/00380.jpg
not_hotdog,not_hotdog/00381.jpg
not_hotdog,not_hotdog/00382.jpg
not_hotdog,not_hotdog/00383.jpg
not_hotdog,not_hotdog/00384.jpg
not_hotdog,not_hotdog/00385.jpg
not_hotdog,not_hotdog/00386.jpg
not_hotdog,not_hotdog/00387.jpg
not_hotdog,not_hotdog/00388.jpg
not_hotdog,not_hotdog/00389.jpg
not_hotdog,not_hotdog/00390.jpg
not_hotdog,not_hotdog/00391.jpg
not_hotdog,not_hotdog/00392.jpg
not_hotdog,not_hotdog/00393.jpg
not_hotdog,not_hotdog/00394.jpg
not_hotdog,not_hotdog/00395.jpg
not_hotdog,not_hotdog/00396.jpg
not_hotdog,not_hotdog/00397.jpg
not_hotdog,not_hotdog/00398.jpg
not_hotdog,not_hotdog/00399.jpg
not_hotdog,not_hotdog/00400.jpg
not_hotdog,not_hotdog/00401.jpg
not_hotdog,not_hotdog/00402.jpg
not_hotdog,not_hotdog/00403.jpg
not_hotdog,not_hotdog/00404.jpg
not_hotdog,not_hotdog/00405.jpg
not_hotdog,not_hotdog/00406.jpg
not_hotdog,not_hotdog/00407.jpg
not_hotdog,not_hotdog/00408.jpg
not_hotdog,not_hotdog/00409.jpg
not_hotdog,not_hotdog/00410.jpg
not_hotdog,not_hotdog/00411.jpg
not_hotdog,not_hotdog/00412.jpg
not_hotdog,not_hotdog/00413.jpg
not_hotdog,not_hotdog/00414.jpg
not_hotdog,not_hotdog/00415.jpg
not_hotdog,not_hotdog/00416.jpg
not_hotdog,not_hotdog/00417.jpg
not_hotdog,not_hotdog/00418.jpg
not_hotdog,not_hotdog/00419.jpg
not_hotdog,not_hotdog/00420.jpg
not_hotdog,not_hotdog/00421.jpg
not_hotdog,not_hotdog/00422.jpg
not_hotdog,not_hotdog/00423.jpg
not_hotdog,not_hotdog/00424.jpg
not_hotdog,not_hotdog/00425.jpg
not_hotdog,not_hotdog/00426.jpg
not_hotdog,not_hotdog/00427.jpg
not_hotdog,not_hotdog/00428.jpg
not_hotdog,not_hotdog/00429.jpg
not_hotdog,not_hotdog/00430.jpg
not_hotdog,not_hotdog/00431.jpg
not_hotdog,not_hotdog/00432.jpg
not_hotdog,not_hotdog/00433.jpg
not_hotdog,not_hotdog/00434.jpg
not_hotdog,not_hotdog/00435.jpg
not_hotdog,not_hotdog/00436.jpg
not_hotdog,not_hotdog/00437.jpg
not_hotdog,not_hotdog/00438.jpg
not_hotdog,not_hotdog/00439.jpg
not_hotdog,not_hotdog/00440.jpg
not_hotdog,not_hotdog/00441.jpg
not_hotdog,not_hotdog/00442.jpg
not_hotdog,not_hotdog/00443.jpg
not_hotdog,not_hotdog/00444.jpg
not_hotdog,not_hotdog/00445.jpg
not_hotdog,not_hotdog/00446.jpg
not_hotdog,not_hotdog/00447.jpg
not_hotdog,not_hotdog/00448.jpg
not_hotdog,not_hotdog/00449.jpg
not_hotdog,not_hotdog/00450.jpg
not_hotdog,not_hotdog/00451.jpg
not_hotdog,not_hotdog/00452.jpg
not_hotdog,not_hotdog/00453.jpg
not_hotdog,not_hotdog/00454.jpg
not_hotdog,not_hotdog/00455.jpg
not_hotdog,not_hotdog/00456.jpg
not_hotdog,not_hotdog/00457.jpg
not_hotdog,not_hotdog/00458.jpg
not_hotdog,not_hotdog/00459.jpg
not_hotdog,not_hotdog/00460.jpg
not_hotdog,not_hotdog/00461.jpg
not_hotdog,not_hotdog/00462.jpg
not_hotdog,not_hotdog/00463.jpg
not_hotdog,not_hotdog/00464.jpg
not_hotdog,not_hotdog/00465.jpg
not_hotdog,not_hotdog/00466.jpg
not_hotdog,not_hotdog/00467.jpg
not_hotdog,not_hotdog/00468.jpg
not_hotdog,not_hotdog/00469.jpg
not_hotdog,not_hotdog/00470.jpg
not_hotdog,not_hotdog/00471.jpg
not_hotdog,not_hotdog/00472.jpg
not_hotdog,not_hotdog/00473.jpg
not_hotdog,not_hotdog/00474.jpg
not_hotdog,not_hotdog/00475.jpg
not_hotdog,not_hotdog/00476.jpg
not_hotdog,not_hotdog/00477.jpg
not_hotdog,not_hotdog/00478.jpg
not_hotdog,not_hotdog/00479.jpg
not_hotdog,not_hotdog/00480.jpg
not_hotdog,not_hotdog/00481.jpg
not_hotdog,not_hotdog/00482.jpg
not_hotdog,not_hotdog/00483.jpg
not_hotdog,not_hotdog/00484.jpg
not_hotdog,not_hotdog/00485.jpg
not_hotdog,not_hotdog/00486.jpg
not_hotdog,not_hotdog/00487.jpg
not_hotdog,not_hotdog/00488.jpg
not_hotdog,not_hotdog/00489.jpg
not_hotdog,not_hotdog/00490.jpg
not_hotdog,not_hotdog/00491.jpg
not_hotdog,not_hotdog/00492.jpg
not_hotdog,not_hotdog/00493.jpg
not_hotdog,not_hotdog/00494.jpg
not_hotdog,not_hotdog/00495.jpg
not_hotdog,not_hotdog/00496.jpg
not_hotdog,not_hotdog/00497.jpg
not_hotdog,not_hotdog/00498.jpg
not_hotdog,not_hotdog/00499.jpg
not_hotdog,not_hotdog/00500.jpg
not_hotdog,not_hotdog/00501.jpg
not_hotdog,not_hotdog/00502.jpg
not_hotdog,not_hotdog/00503.jpg
not_hotdog,not_hotdog/00504.jpg
not_hotdog,not_hotdog/00505.jpg
not_hotdog,not_hotdog/00506.jpg
not_hotdog,not_hotdog/00507.jpg
not_hotdog,not_hotdog/00508.jpg
not_hotdog,not_hotdog/00509.jpg
not_hotdog,not_hotdog/00510.jpg
not_hotdog,not_hotdog/00511.jpg
not_hotdog,not_hotdog/00512.jpg
not_hotdog,not_hotdog/00513.jpg
not_hotdog,not_hotdog/00514.jpg
not_hotdog,not_hotdog/00515.jpg
not_hotdog,not_hotdog/00516.jpg
not_hotdog,not_hotdog/00517.jpg
not_hotdog,not_hotdog/00518.jpg
not_hotdog,not_hotdog/00519.jpg
not_hotdog,not_hotdog/00520.jpg
not_hotdog,not_hotdog/00521.jpg
not_hotdog,not_hotdog/00522.jpg
not_hotdog,not_hotdog/00523.jpg
not_hotdog,not_hotdog/00524.jpg
not_hotdog,not_hotdog/00525.jpg
not_hotdog,not_hotdog/00526.jpg
not_hotdog,not_hotdog/00527.jpg
not_hotdog,not_hotdog/00528.jpg
not_hotdog,not_hotdog/00529.jpg
not_hotdog,not_hotdog/00530.jpg
not_hotdog,not_hotdog/00531.jpg
not_hotdog,not_hotdog/00532.jpg
not_hotdog,not_hotdog/00533.jpg
not_hotdog,not_hotdog/00534.jpg
not_hotdog,not_hotdog/00535.jpg
not_hotdog,not_hotdog/00536.jpg
not_hotdog,not_hotdog/00537.jpg
not_hotdog,not_hotdog/00538.jpg
not_hotdog,not_hotdog/00539.jpg
not_hotdog,not_hotdog/00540.jpg
not_hotdog,not_hotdog/00541.jpg
not_hotdog,not_hotdog/00542.jpg
not_hotdog,not_hotdog/00543.jpg
not_hotdog,not_hotdog/00544.jpg
not_hotdog,not_hotdog/00545.jpg
not_hotdog,not_hotdog/00546.jpg
not_hotdog,not_hotdog/00547.jpg
not_hotdog,not_hotdog/00548.jpg
not_hotdog,not_hotdog/00549.jpg
not_hotdog,not_hotdog/00550.jpg
not_hotdog,not_hotdog/00551.jpg
not_hotdog,not_hotdog/00552.jpg
not_hotdog,not_hotdog/00553.jpg
not_hotdog,not_hotdog/00554.jpg
not_hotdog,not_hotdog/00555.jpg
not_hotdog,not_hotdog/00556.jpg
not_hotdog,not_hotdog/00557.jpg
not_hotdog,not_hotdog/00558.jpg
not_hotdog,not_hotdog/00559.jpg
not_hotdog,not_hotdog/00560.jpg
not_hotdog,not_hotdog/00561.jpg
not_hotdog,not_hotdog/00562.jpg
not_hotdog,not_hotdog/00563.jpg
not_hotdog,not_hotdog/00564.jpg
not_hotdog,not_hotdog/00565.jpg
not_hotdog,not_hotdog/00566.jpg
not_hotdog,not_hotdog/00567.jpg
not_hotdog,not_hotdog/00568.jpg
not_hotdog,not_hotdog/00569.jpg
not_hotdog,not_hotdog/00570.jpg
not_hotdog,not_hotdog/00571.jpg
not_hotdog,not_hotdog/00572.jpg
not_hotdog,not_hotdog/00573.jpg
not_hotdog,not_hotdog/00574.jpg
not_hotdog,not_hotdog/00575.jpg
not_hotdog,not_hotdog/00576.jpg
not_hotdog,not_hotdog/00577.jpg
not_hotdog,not_hotdog/00578.jpg
not_hotdog,not_hotdog/00579.jpg
not_hotdog,not_hotdog/00580.jpg
not_hotdog,not_hotdog/00581.jpg
not_hotdog,not_hotdog/00582.jpg
not_hotdog,not_hotdog/00583.jpg
not_hotdog,not_hotdog/00584.jpg
not_hotdog,not_hotdog/00585.jpg
not_hotdog,not_hotdog/00586.jpg
not_hotdog,not_hotdog/00587.jpg
not_hotdog,not_hotdog/00588.jpg
not_hotdog,not_hotdog/00589.jpg
not_hotdog,not_hotdog/00590.jpg
not_hotdog,not_hotdog/00591.jpg
not_hotdog,not_hotdog/00592.jpg
not_hotdog,not_hotdog/00593.jpg
not_hotdog,not_hotdog/00594.jpg
not_hotdog,not_hotdog/00595.jpg
not_hotdog,not_hotdog/00596.jpg
not_hotdog,not_hotdog/00597.jpg
not_hotdog,not_hotdog/00598.jpg
not_hotdog,not_hotdog/00599.jpg
not_hotdog,not_hotdog/00600.jpg
not_hotdog,not_hotdog/00601.jpg
not_hotdog,not_hotdog/00602.jpg
not_hotdog,not_hotdog/00603.jpg
not_hotdog,not_hotdog/00604.jpg
not_hotdog,not_hotdog/00605.jpg
not_hotdog,not_hotdog/00606.jpg
not_hotdog,not_hotdog/00607.jpg
not_hotdog,not_hotdog/00608.jpg
not_hotdog,not_hotdog/00609.jpg
not_hotdog,not_hotdog/00610.jpg
not_hotdog,not_hotdog/00611.jpg
not_hotdog,not_hotdog/00612.jpg
not_hotdog,not_hotdog/00613.jpg
not_hotdog,not_hotdog/00614.jpg
not_hotdog,not_hotdog/00615.jpg
not_hotdog,not_hotdog/00616.jpg
not_hotdog,not_hotdog/00617.jpg
not_hotdog,not_hotdog/00618.jpg
not_hotdog,not_hotdog/00619.jpg
not_hotdog,not_hotdog/00620.jpg
not_hotdog,not_hotdog/00621.jpg
not_hotdog,not_hotdog/00622.jpg
not_hotdog,not_hotdog/00623.jpg
not_hotdog,not_hotdog/00624.jpg
not_hotdog,not_hotdog/00625.jpg
not_hotdog,not_hotdog/00626.jpg
not_hotdog,not_hotdog/00627.jpg
not_hotdog,not_hotdog/00628.jpg
not_hotdog,not_hotdog/00629.jpg
not_hotdog,not_hotdog/00630.jpg
not_hotdog,not_hotdog/00631.jpg
not_hotdog,not_hotdog/00632.jpg
not_hotdog,not_hotdog/00633.jpg
not_hotdog,not_hotdog/00634.jpg
not_hotdog,not_hotdog/00635.jpg
not_hotdog,not_hotdog/00636.jpg
not_hotdog,not_hotdog/00637.jpg
not_hotdog,not_hotdog/00638.jpg
not_hotdog,not_hotdog/00639.jpg
not_hotdog,not_hotdog/00640.jpg
not_hotdog,not_hotdog/00641.jpg
not_hotdog,not_hotdog/00642.jpg
not_hotdog,not_hotdog/00643.jpg
not_hotdog,not_hotdog/00644.jpg
not_hotdog,not_hotdog/00645.jpg
not_hotdog,not_hotdog/00646.jpg
not_hotdog,not_hotdog/00647.jpg
not_hotdog,not_hotdog/00648.jpg
not_hotdog,not_hotdog/00649.jpg
not_hotdog,not_hotdog/00650.jpg
not_hotdog,not_hotdog/00651.jpg
not_hotdog,not_hotdog/00652.jpg
not_hotdog,not_hotdog/00653.jpg
not_hotdog,not_hotdog/00654.jpg
not_hotdog,not_hotdog/00655.jpg
not_hotdog,not_hotdog/00656.jpg
not_hotdog,not_hotdog/00657.jpg
not_hotdog,not_hotdog/00658.jpg
not_hotdog,not_hotdog/00659.jpg
not_hotdog,not_hotdog/00660.jpg
not_hotdog,not_hotdog/00661.jpg
not_hotdog,not_hotdog/00662.jpg
not_hotdog,not_hotdog/00663.jpg
not_hotdog,not_hotdog/00664.jpg
not_hotdog,not_hotdog/00665.jpg
not_hotdog,not_hotdog/00666.jpg
not_hotdog,not_hotdog/00667.jpg
not_hotdog,not_hotdog/00668.jpg
not_hotdog,not_hotdog/00669.jpg
not_hotdog,not_hotdog/00670.jpg
not_hotdog,not_hotdog/00671.jpg
not_hotdog,not_hotdog/00672.jpg
not_hotdog,not_hotdog/00673.jpg
not_hotdog,not_hotdog/00674.jpg
not_hotdog,not_hotdog/00675.jpg
not_hotdog,not_hotdog/00676.jpg
not_hotdog,not_hotdog/00677.jpg
not_hotdog,not_hotdog/00678.jpg
not_hotdog,not_hotdog/00679.jpg
not_hotdog,not_hotdog/00680.jpg
not_hotdog,not_hotdog/00681.jpg
not_hotdog,not_hotdog/00682.jpg
not_hotdog,not_hotdog/00683.jpg
not_hotdog,not_hotdog/00684.jpg
not_hotdog,not_hotdog/00685.jpg
not_hotdog,not_hotdog/00686.jpg
not_hotdog,not_hotdog/00687.jpg
not_hotdog,not_hotdog/00688.jpg
not_hotdog,not_hotdog/00689.jpg
not_hotdog,not_hotdog/00690.jpg
not_hotdog,not_hotdog/00691.jpg
not_hotdog,not_hotdog/00692.jpg
not_hotdog,not_hotdog/00693.jpg
not_hotdog,not_hotdog/00694.jpg
not_hotdog,not_hotdog/00695.jpg
not_hotdog,not_hotdog/00696.jpg
not_hotdog,not_hotdog/00697.jpg
not_hotdog,not_hotdog/00698.jpg
not_hotdog,not_hotdog/00699.jpg
not_hotdog,not_hotdog/00700.jpg
not_hotdog,not_hotdog/00701.jpg
not_hotdog,not_hotdog/00702.jpg
not_hotdog,not_hotdog/00703.jpg
not_hotdog,not_hotdog/00704.jpg
not_hotdog,not_hotdog/00705.jpg
not_hotdog,not_hotdog/00706.jpg
not_hotdog,not_hotdog/00707.jpg
not_hotdog,not_hotdog/00708.jpg
not_hotdog,not_hotdog/00709.jpg
not_hotdog,not_hotdog/00710.jpg
not_hotdog,not_hotdog/00711.jpg
not_hotdog,not_hotdog/00712.jpg
not_hotdog,not_hotdog/00713.jpg
not_hotdog,not_hotdog/00714.jpg
not_hotdog,not_hotdog/00715.jpg
not_hotdog,not_hotdog/00716.jpg
not_hotdog,not_hotdog/00717.jpg
not_hotdog,not_hotdog/00718.jpg
not_hotdog,not_hotdog/00719.jpg
not_hotdog,not_hotdog/00720.jpg
not_hotdog,not_hotdog/00721.jpg
not_hotdog,not_hotdog/00722.jpg
not_hotdog,not_hotdog/00723.jpg
not_hotdog,not_hotdog/00724.jpg
not_hotdog,not_hotdog/00725.jpg
not_hotdog,not_hotdog/00726.jpg
not_hotdog,not_hotdog/00727.jpg
not_hotdog,not_hotdog/00728.jpg
not_hotdog,not_hotdog/00729.jpg
not_hotdog,not_hotdog/00730.jpg
not_hotdog,not_hotdog/00731.jpg
not_hotdog,not_hotdog/00732.jpg
not_hotdog,not_hotdog/00733.jpg
not_hotdog,not_hotdog/00734.jpg
not_hotdog,not_hotdog/00735.jpg
not_hotdog,not_hotdog/00736.jpg
not_hotdog,not_hotdog/00737.jpg
not_hotdog,not_hotdog/00738.jpg
not_hotdog,not_hotdog/00739.jpg
not_hotdog,not_hotdog/00740.jpg
not_hotdog,not_hotdog/00741.jpg
not_hotdog,not_hotdog/00742.jpg
not_hotdog,not_hotdog/00743.jpg
not_hotdog,not_hotdog/00744.jpg
not_hotdog,not_hotdog/00745.jpg
not_hotdog,not_hotdog/00746.jpg
not_hotdog,not_hotdog/00747.jpg
not_hotdog,not_hotdog/00748.jpg
not_hotdog,not_hotdog/00749.jpg
not_hotdog,not_hotdog/00750.jpg
not_hotdog,not_hotdog/00751.jpg
not_hotdog,not_hotdog/00752.jpg
not_hotdog,not_hotdog/00753.jpg
not_hotdog,not_hotdog/00754.jpg
not_hotdog,not_hotdog/00755.jpg
not_hotdog,not_hotdog/00756.jpg
not_hotdog,not_hotdog/00757.jpg
not_hotdog,not_hotdog/00758.jpg
not_hotdog,not_hotdog/00759.jpg
not_hotdog,not_hotdog/00760.jpg
not_hotdog,not_hotdog/00761.jpg
not_hotdog,not_hotdog/00762.jpg
not_hotdog,not_hotdog/00763.jpg
not_hotdog,not_hotdog/00764.jpg
not_hotdog,not_hotdog/00765.jpg
not_hotdog,not_hotdog/00766.jpg
not_hotdog,not_hotdog/00767.jpg
not_hotdog,not_hotdog/00768.jpg
not_hotdog,not_hotdog/00769.jpg
not_hotdog,not_hotdog/00770.jpg
not_hotdog,not_hotdog/00771.jpg
not_hotdog,not_hotdog/00772.jpg
not_hotdog,not_hotdog/00773.jpg
not_hotdog,not_hotdog/00774.jpg
not_hotdog,not_hotdog/00775.jpg
not_hotdog,not_hotdog/00776.jpg
not_hotdog,not_hotdog/00777.jpg
not_hotdog,not_hotdog/00778.jpg
not_hotdog,not_hotdog/00779.jpg
not_hotdog,not_hotdog/00780.jpg
not_hotdog,not_hotdog/00781.jpg
not_hotdog,not_hotdog/00782.jpg
not_hotdog,not_hotdog/00783.jpg
not_hotdog,not_hotdog/00784.jpg
not_hotdog,not_hotdog/00785.jpg
not_hotdog,not_hotdog/00786.jpg
not_hotdog,not_hotdog/00787.jpg
not_hotdog,not_hotdog/00788.jpg
not_hotdog,not_hotdog/00789.jpg
not_hotdog,not_hotdog/00790.jpg
not_hotdog,not_hotdog/00791.jpg
not_hotdog,not_hotdog/00792.jpg
not_hotdog,not_hotdog/00793.jpg
not_hotdog,not_hotdog/00794.jpg
not_hotdog,not_hotdog/00795.jpg
not_hotdog,not_hotdog/00796.jpg
not_hotdog,not_hotdog/00797.jpg
not_hotdog,not_hotdog/00798.jpg
not_hotdog,not_hotdog/00799.jpg
not_hotdog,not_hotdog/00800.jpg
not_hotdog,not_hotdog/00801.jpg
not_hotdog,not_hotdog/00802.jpg
not_hotdog,not_hotdog/00803.jpg
not_hotdog,not_hotdog/00804.jpg
not_hotdog,not_hotdog/00805.jpg
not_hotdog,not_hotdog/00806.jpg
not_hotdog,not_hotdog/00807.jpg
not_hotdog,not_hotdog/00808.jpg
not_hotdog,not_hotdog/00809.jpg
not_hotdog,not_hotdog/00810.jpg
not_hotdog,not_hotdog/00811.jpg
not_hotdog,not_hotdog/00812.jpg
not_hotdog,not_hotdog/00813.jpg
not_hotdog,not_hotdog/00814.jpg
not_hotdog,not_hotdog/00815.jpg
not_hotdog,not_hotdog/00816.jpg
not_hotdog,not_hotdog/00817.jpg
not_hotdog,not_hotdog/00818.jpg
not_hotdog,not_hotdog/00819.jpg
not_hotdog,not_hotdog/00820.jpg
not_hotdog,not_hotdog/00821.jpg
not_hotdog,not_hotdog/00822.jpg
not_hotdog,not_hotdog/00823.jpg
not_hotdog,not_hotdog/00824.jpg
not_hotdog,not_hotdog/00825.jpg
not_hotdog,not_hotdog/00826.jpg
not_hotdog,not_hotdog/00827.jpg
not_hotdog,not_hotdog/00828.jpg
not_hotdog,not_hotdog/00829.jpg
not_hotdog,not_hotdog/00830.jpg
not_hotdog,not_hotdog/00831.jpg
not_hotdog,not_hotdog/00832.jpg
not_hotdog,not_hotdog/00833.jpg
not_hotdog,not_hotdog/00834.jpg
not_hotdog,not_hotdog/00835.jpg
not_hotdog,not_hotdog/00836.jpg
not_hotdog,not_hotdog/00837.jpg
not_hotdog,not_hotdog/00838.jpg
not_hotdog,not_hotdog/00839.jpg
not_hotdog,not_hotdog/00840.jpg
not_hotdog,not_hotdog/00841.jpg
not_hotdog,not_hotdog/00842.jpg
not_hotdog,not_hotdog/00843.jpg
not_hotdog,not_hotdog/00844.jpg
not_hotdog,not_hotdog/00845.jpg
not_hotdog,not_hotdog/00846.jpg
not_hotdog,not_hotdog/00847.jpg
not_hotdog,not_hotdog/00848.jpg
not_hotdog,not_hotdog/00849.jpg
not_hotdog,not_hotdog/00850.jpg
not_hotdog,not_hotdog/00851.jpg
not_hotdog,not_hotdog/00852.jpg
not_hotdog,not_hotdog/00853.jpg
not_hotdog,not_hotdog/00854.jpg
not_hotdog,not_hotdog/00855.jpg
not_hotdog,not_hotdog/00856.jpg
not_hotdog,not_hotdog/00857.jpg
not_hotdog,not_hotdog/00858.jpg
not_hotdog,not_hotdog/00859.jpg
not_hotdog,not_hotdog/00860.jpg
not_hotdog,not_hotdog/00861.jpg
not_hotdog,not_hotdog/00862.jpg
not_hotdog,not_hotdog/00863.jpg
not_hotdog,not_hotdog/00864.jpg
not_hotdog,not_hotdog/00865.jpg
not_hotdog,not_hotdog/00866.jpg
not_hotdog,not_hotdog/00867.jpg
not_hotdog,not_hotdog/00868.jpg
not_hotdog,not_hotdog/00869.jpg
not_hotdog,not_hotdog/00870.jpg
not_hotdog,not_hotdog/00871.jpg
not_hotdog,not_hotdog/00872.jpg
not_hotdog,not_hotdog/00873.jpg
not_hotdog,not_hotdog/00874.jpg
not_hotdog,not_hotdog/00875.jpg
not_hotdog,not_hotdog/00876.jpg
not_hotdog,not_hotdog/00877.jpg
not_hotdog,not_hotdog/00878.jpg
not_hotdog,not_hotdog/00879.jpg
not_hotdog,not_hotdog/00880.jpg
not_hotdog,not_hotdog/00881.jpg
not_hotdog,not_hotdog/00882.jpg
not_hotdog,not_hotdog/00883.jpg
not_hotdog,not_hotdog/00884.jpg
not_hotdog,not_hotdog/00885.jpg
not_hotdog,not_hotdog/00886.jpg
not_hotdog,not_hotdog/00887.jpg
not_hotdog,not_hotdog/00888.jpg
not_hotdog,not_hotdog/00889.jpg
not_hotdog,not_hotdog/00890.jpg
not_hotdog,not_hotdog/00891.jpg
not_hotdog,not_hotdog/00892.jpg
not_hotdog,not_hotdog/00893.jpg
not_hotdog,not_hotdog/00894.jpg
not_hotdog,not_hotdog/00895.jpg
not_hotdog,not_hotdog/00896.jpg
not_hotdog,not_hotdog/00897.jpg
not_hotdog,not_hotdog/00898.jpg
not_hotdog,not_hotdog/00899.jpg
not_hotdog,not_hotdog/00900.jpg
not_hotdog,not_hotdog/00901.jpg
not_hotdog,not_hotdog/00902.jpg
not_hotdog,not_hotdog/00903.jpg
not_hotdog,not_hotdog/00904.jpg
not_hotdog,not_hotdog/00905.jpg
not_hotdog,not_hotdog/00906.jpg
not_hotdog,not_hotdog/00907.jpg
not_hotdog,not_hotdog/00908.jpg
not_hotdog,not_hotdog/00909.jpg
not_hotdog,not_hotdog/00910.jpg
not_hotdog,not_hotdog/00911.jpg
not_hotdog,not_hotdog/00912.jpg
not_hotdog,not_hotdog/00913.jpg
not_hotdog,not_hotdog/00914.jpg
not_hotdog,not_hotdog/00915.jpg
not_hotdog,not_hotdog/00916.jpg
not_hotdog,not_hotdog/00917.jpg
not_hotdog,not_hotdog/00918.jpg
not_hotdog,not_hotdog/00919.jpg
not_hotdog,not_hotdog/00920.jpg
not_hotdog,not_hotdog/00921.jpg
not_hotdog,not_hotdog/00922.jpg
not_hotdog,not_hotdog/00923.jpg
not_hotdog,not_hotdog/00924.jpg
not_hotdog,not_hotdog/00925.jpg
not_hotdog,not_hotdog/00926.jpg
not_hotdog,not_hotdog/00927.jpg
not_hotdog,not_hotdog/00928.jpg
not_hotdog,not_hotdog/00929.jpg
not_hotdog,not_hotdog/00930.jpg
not_hotdog,not_hotdog/00931.jpg
not_hotdog,not_hotdog/00932.jpg
not_hotdog,not_hotdog/00933.jpg
not_hotdog,not_hotdog/00934.jpg
not_hotdog,not_hotdog/00935.jpg
not_hotdog,not_hotdog/00936.jpg
not_hotdog,not_hotdog/00937.jpg
not_hotdog,not_hotdog/00938.jpg
not_hotdog,not_hotdog/00939.jpg
not_hotdog,not_hotdog/00940.jpg
not_hotdog,not_hotdog/00941.jpg
not_hotdog,not_hotdog/00942.jpg
not_hotdog,not_hotdog/00943.jpg
not_hotdog,not_hotdog/00944.jpg
not_hotdog,not_hotdog/00945.jpg
not_hotdog,not_hotdog/00946.jpg
not_hotdog,not_hotdog/00947.jpg
not_hotdog,not_hotdog/00948.jpg
not_hotdog,not_hotdog/00949.jpg
not_hotdog,not_hotdog/00950.jpg
not_hotdog,not_hotdog/00951.jpg
not_hotdog,not_hotdog/00952.jpg
not_hotdog,not_hotdog/00953.jpg
not_hotdog,not_hotdog/00954.jpg
not_hotdog,not_hotdog/00955.jpg
not_hotdog,not_hotdog/00956.jpg
not_hotdog,not_hotdog/00957.jpg
not_hotdog,not_hotdog/00958.jpg
not_hotdog,not_hotdog/00959.jpg
not_hotdog,not_hotdog/00960.jpg
not_hotdog,not_hotdog/00961.jpg
not_hotdog,not_hotdog/00962.jpg
